provider_match_id,kickoff_time_utc,competition,source_market,model_name,model_approach,side,handicap_line,odds,entry_odds,closing_odds,model_probability,implied_probability,entry_implied_probability,entry_implied_prob,implied_probability_closing,closing_implied_probability,closing_implied_prob,edge,clv_implied_edge,clv_pct,confidence_score,stake,stake_policy,stake_reason,raw_kelly_fraction,applied_stake_fraction,bankroll_before,bankroll_after,drawdown_after,expected_value,expected_roi,outcome,pnl,roi,total_return,components_json
E0_2324_0012,2023-08-19 15:00:00+00:00,E0,NON_HKJC,logistic_regression,direct_cover,away,-2.0,1.86,1.86,1.86,0.6982362336388013,0.523076923076923,0.523076923076923,0.523076923076923,0.523076923076923,0.523076923076923,0.523076923076923,0.17515931056187828,0.0,0.0,0.3964724672776025,100.0,fractional_kelly,fractional_kelly+max_stake_cap,0.34734813321880276,0.01,10000.0,9900.0,0.01,29.871939456817042,0.2987193945681704,lose,-100.0,-1.0,0.0,"[{""line"": -2.0, ""stake"": 100.0, ""outcome"": ""lose"", ""pnl"": -100.0, ""total_return"": 0.0}]"
E0_2324_0015,2023-08-19 20:00:00+00:00,E0,NON_HKJC,logistic_regression,direct_cover,home,-0.75,1.92,1.92,1.92,0.7869788051203098,0.5076923076923077,0.5076923076923077,0.5076923076923077,0.5076923076923077,0.5076923076923077,0.5076923076923077,0.27928649742800216,0.0,0.0,0.5739576102406196,99.0,fractional_kelly,fractional_kelly+max_stake_cap,0.5554340280771684,0.01,9900.0,9945.54,0.005445999999999913,50.58893127726849,0.5109993058309948,half-win,45.53999999999999,0.4599999999999999,144.54,"[{""line"": -1.0, ""stake"": 49.5, ""outcome"": ""push"", ""pnl"": 0.0, ""total_return"": 49.5}, {""line"": -0.5, ""stake"": 49.5, ""outcome"": ""win"", ""pnl"": 45.53999999999999, ""total_return"": 95.03999999999999}]"
E0_2324_0016,2023-08-20 14:00:00+00:00,E0,NON_HKJC,logistic_regression,direct_cover,away,-0.75,1.99,1.99,1.99,0.7066435528783561,0.4897435897435898,0.4897435897435898,0.4897435897435898,0.4897435897435898,0.4897435897435898,0.4897435897435898,0.21689996313476634,0.0,0.0,0.4132871057567122,99.45540000000001,fractional_kelly,fractional_kelly+max_stake_cap,0.41032390932114005,0.01,9945.54,9846.0846,0.015391539999999987,40.400839245786734,0.40622067022792857,lose,-99.45540000000001,-1.0,0.0,"[{""line"": -1.0, ""stake"": 49.727700000000006, ""outcome"": ""lose"", ""pnl"": -49.727700000000006, ""total_return"": 0.0}, {""line"": -0.5, ""stake"": 49.727700000000006, ""outcome"": ""lose"", ""pnl"": -49.727700000000006, ""total_return"": 0.0}]"
E0_2324_0017,2023-08-20 16:30:00+00:00,E0,NON_HKJC,logistic_regression,direct_cover,away,0.5,2.08,2.08,2.08,0.672099836726215,0.4666666666666667,0.4666666666666667,0.4666666666666667,0.4666666666666667,0.4666666666666667,0.4666666666666667,0.2054331700595483,0.0,0.0,0.3441996734524299,98.460846,fractional_kelly,fractional_kelly+max_stake_cap,0.36848857443567334,0.01,9846.0846,9747.623754,0.02523762459999998,39.184232522692,0.3979676603905272,lose,-98.460846,-1.0,0.0,"[{""line"": 0.5, ""stake"": 98.460846, ""outcome"": ""lose"", ""pnl"": -98.460846, ""total_return"": 0.0}]"
E0_2324_0018,2023-08-21 20:00:00+00:00,E0,NON_HKJC,logistic_regression,direct_cover,away,1.0,2.06,2.06,2.06,0.7197670803310268,0.4717948717948718,0.4717948717948718,0.4717948717948718,0.4717948717948718,0.4717948717948718,0.4717948717948718,0.24797220853615498,0.0,0.0,0.4395341606620535,97.47623754,fractional_kelly,fractional_kelly+max_stake_cap,0.45539640139803317,0.01,9747.623754,9850.9485657924,0.014905143420760032,47.053747465388014,0.4827201854819151,win,103.3248117924,1.06,200.8010493324,"[{""line"": 1.0, ""stake"": 97.47623754, ""outcome"": ""win"", ""pnl"": 103.3248117924, ""total_return"": 200.8010493324}]"
E0_2324_0019,2023-08-25 20:00:00+00:00,E0,NON_HKJC,logistic_regression,direct_cover,away,-1.5,1.98,1.98,1.98,0.6709890329750146,0.4961832061068702,0.4961832061068702,0.4961832061068702,0.4961832061068702,0.4961832061068702,0.4961832061068702,0.17480582686814433,0.0,0.0,0.3419780659500291,98.509485657924,fractional_kelly,fractional_kelly+max_stake_cap,0.3352635564189069,0.01,9850.9485657924,9752.439080134476,0.024756091986552382,32.366107692619444,0.3285582852905287,lose,-98.509485657924,-1.0,0.0,"[{""line"": -1.5, ""stake"": 98.509485657924, ""outcome"": ""lose"", ""pnl"": -98.509485657924, ""total_return"": 0.0}]"
E0_2324_0021,2023-08-26 15:00:00+00:00,E0,NON_HKJC,logistic_regression,direct_cover,away,-1.75,2.05,2.05,2.05,0.6241463917593923,0.4743589743589744,0.4743589743589744,0.4743589743589744,0.4743589743589744,0.4743589743589744,0.4743589743589744,0.14978741740041795,0.0,0.0,0.2482927835187847,97.52439080134477,fractional_kelly,fractional_kelly+max_stake_cap,0.266190574387385,0.01,9752.439080134476,9654.91468933313,0.03450853106668692,27.258077284399256,0.2795001031067542,lose,-97.52439080134477,-1.0,0.0,"[{""line"": -2.0, ""stake"": 48.76219540067238, ""outcome"": ""lose"", ""pnl"": -48.76219540067238, ""total_return"": 0.0}, {""line"": -1.5, ""stake"": 48.76219540067238, ""outcome"": ""lose"", ""pnl"": -48.76219540067238, ""total_return"": 0.0}]"
E0_2324_0025,2023-08-26 17:30:00+00:00,E0,NON_HKJC,logistic_regression,direct_cover,away,-1.0,2.04,2.04,2.04,0.6078060192671986,0.4769230769230769,0.4769230769230769,0.4769230769230769,0.4769230769230769,0.4769230769230769,0.4769230769230769,0.13088294234412168,0.0,0.0,0.2156120385343971,96.54914689333131,fractional_kelly,fractional_kelly+max_stake_cap,0.23069642240873564,0.01,9654.91468933313,9755.325802102196,0.024467419789780433,23.16448448590331,0.2399242793050851,win,100.41111276906457,1.04,196.96025966239588,"[{""line"": -1.0, ""stake"": 96.54914689333131, ""outcome"": ""win"", ""pnl"": 100.41111276906457, ""total_return"": 196.96025966239588}]"
E0_2324_0026,2023-08-27 14:00:00+00:00,E0,NON_HKJC,logistic_regression,direct_cover,away,0.25,1.88,1.88,1.88,0.6531876282349065,0.517948717948718,0.517948717948718,0.517948717948718,0.517948717948718,0.517948717948718,0.517948717948718,0.1352389102861885,0.0,0.0,0.306375256469813,97.55325802102196,fractional_kelly,fractional_kelly+max_stake_cap,0.25908266032002747,0.01,9755.325802102196,9841.172669160695,0.015882733083930543,22.241434697655734,0.22799274108162415,win,85.84686705849931,0.8799999999999999,183.40012507952127,"[{""line"": 0.0, ""stake"": 48.77662901051098, ""outcome"": ""win"", ""pnl"": 42.92343352924966, ""total_return"": 91.70006253976064}, {""line"": 0.5, ""stake"": 48.77662901051098, ""outcome"": ""win"", ""pnl"": 42.92343352924966, ""total_return"": 91.70006253976064}]"
E0_2324_0028,2023-08-27 16:30:00+00:00,E0,NON_HKJC,logistic_regression,direct_cover,away,-0.25,1.96,1.96,1.96,0.7107440134524912,0.4974358974358974,0.4974358974358974,0.4974358974358974,0.4974358974358974,0.4974358974358974,0.4974358974358974,0.21330811601659377,0.0,0.0,0.4214880269049823,98.41172669160694,fractional_kelly,fractional_kelly+max_stake_cap,0.40943569413216946,0.01,9841.172669160695,9935.647926784637,0.006435207321536291,38.681542683574506,0.39305826636688274,win,94.47525762394265,0.9599999999999999,192.8869843155496,"[{""line"": -0.5, ""stake"": 49.20586334580347, ""outcome"": ""win"", ""pnl"": 47.23762881197133, ""total_return"": 96.4434921577748}, {""line"": 0.0, ""stake"": 49.20586334580347, ""outcome"": ""win"", ""pnl"": 47.23762881197133, ""total_return"": 96.4434921577748}]"
E0_2324_0029,2023-09-01 20:00:00+00:00,E0,NON_HKJC,logistic_regression,direct_cover,away,0.75,1.99,1.99,1.99,0.683354021197204,0.4936386768447837,0.4936386768447837,0.4936386768447837,0.4936386768447837,0.4936386768447837,0.4936386768447837,0.18971534435242032,0.0,0.0,0.366708042394408,99.35647926784637,fractional_kelly,fractional_kelly+max_stake_cap,0.36350959816407674,0.01,9935.647926784637,10034.010841259806,0.0,35.755863515115735,0.359874502182436,win,98.36291447516791,0.9900000000000001,197.71939374301428,"[{""line"": 0.5, ""stake"": 49.678239633923184, ""outcome"": ""win"", ""pnl"": 49.181457237583956, ""total_return"": 98.85969687150714}, {""line"": 1.0, ""stake"": 49.678239633923184, ""outcome"": ""win"", ""pnl"": 49.181457237583956, ""total_return"": 98.85969687150714}]"
E0_2324_0030,2023-09-02 12:30:00+00:00,E0,NON_HKJC,logistic_regression,direct_cover,away,0.0,1.81,1.81,1.81,0.7303420972856101,0.5406091370558376,0.5406091370558376,0.5406091370558376,0.5406091370558376,0.5406091370558376,0.5406091370558376,0.18973296022977248,0.0,0.0,0.4606841945712201,100.34010841259806,fractional_kelly,fractional_kelly+max_stake_cap,0.39743110628019046,0.01,10034.010841259806,10034.010841259806,0.0,32.30140703546141,0.32191919608695435,push,0.0,0.0,100.34010841259806,"[{""line"": 0.0, ""stake"": 100.34010841259806, ""outcome"": ""push"", ""pnl"": 0.0, ""total_return"": 100.34010841259806}]"
E0_2324_0031,2023-09-02 15:00:00+00:00,E0,NON_HKJC,logistic_regression,direct_cover,away,-0.75,1.98,1.98,1.98,0.7540784270873229,0.4961832061068702,0.4961832061068702,0.4961832061068702,0.4961832061068702,0.4961832061068702,0.4961832061068702,0.25789522098045264,0.0,0.0,0.5081568541746457,100.34010841259806,fractional_kelly,fractional_kelly+max_stake_cap,0.5031380465641829,0.01,10034.010841259806,9933.670732847208,0.01,49.47522761597786,0.4930752856328992,lose,-100.34010841259806,-1.0,0.0,"[{""line"": -1.0, ""stake"": 50.17005420629903, ""outcome"": ""lose"", ""pnl"": -50.17005420629903, ""total_return"": 0.0}, {""line"": -0.5, ""stake"": 50.17005420629903, ""outcome"": ""lose"", ""pnl"": -50.17005420629903, ""total_return"": 0.0}]"
E0_2324_0036,2023-09-03 14:00:00+00:00,E0,NON_HKJC,logistic_regression,direct_cover,away,-0.5,1.95,1.95,1.95,0.6171240168128076,0.5038167938931298,0.5038167938931298,0.5038167938931298,0.5038167938931298,0.5038167938931298,0.5038167938931298,0.11330722291967776,0.0,0.0,0.2342480336256152,99.33670732847207,fractional_kelly,fractional_kelly+max_stake_cap,0.2140966660894471,0.01,9933.670732847208,9834.334025518736,0.01989999999999996,20.20427496636257,0.20339183278497475,lose,-99.33670732847207,-1.0,0.0,"[{""line"": -0.5, ""stake"": 99.33670732847207, ""outcome"": ""lose"", ""pnl"": -99.33670732847207, ""total_return"": 0.0}]"
E0_2324_0038,2023-09-03 16:30:00+00:00,E0,NON_HKJC,logistic_regression,direct_cover,away,-0.75,1.92,1.92,1.92,0.7038362586452536,0.5114503816793893,0.5114503816793893,0.5114503816793893,0.5114503816793893,0.5114503816793893,0.5114503816793893,0.1923858769658643,0.0,0.0,0.4076725172905071,98.34334025518736,fractional_kelly,fractional_kelly+max_stake_cap,0.3819191484770509,0.01,9834.334025518736,9735.990685263549,0.029700999999999953,34.554468387158025,0.3513656165988867,lose,-98.34334025518736,-1.0,0.0,"[{""line"": -1.0, ""stake"": 49.17167012759368, ""outcome"": ""lose"", ""pnl"": -49.17167012759368, ""total_return"": 0.0}, {""line"": -0.5, ""stake"": 49.17167012759368, ""outcome"": ""lose"", ""pnl"": -49.17167012759368, ""total_return"": 0.0}]"
E0_2324_0039,2023-09-16 12:30:00+00:00,E0,NON_HKJC,logistic_regression,direct_cover,away,1.25,1.98,1.98,1.98,0.5860586755584165,0.4923076923076923,0.4923076923076923,0.4923076923076923,0.4923076923076923,0.4923076923076923,0.4923076923076923,0.09375098325072423,0.0,0.0,0.172117351116833,97.35990685263549,fractional_kelly,fractional_kelly+max_stake_cap,0.16366956898537216,0.01,9735.990685263549,9831.403393979132,0.02019206979999993,15.61615691120629,0.16039617760566466,win,95.41270871558278,0.98,192.77261556821827,"[{""line"": 1.0, ""stake"": 48.679953426317745, ""outcome"": ""win"", ""pnl"": 47.70635435779139, ""total_return"": 96.38630778410914}, {""line"": 1.5, ""stake"": 48.679953426317745, ""outcome"": ""win"", ""pnl"": 47.70635435779139, ""total_return"": 96.38630778410914}]"
E0_2324_0040,2023-09-16 15:00:00+00:00,E0,NON_HKJC,logistic_regression,direct_cover,away,-0.5,1.99,1.99,1.99,0.718981310340036,0.4897435897435898,0.4897435897435898,0.4897435897435898,0.4897435897435898,0.4897435897435898,0.4897435897435898,0.2292377205964462,0.0,0.0,0.4379626206800719,98.31403393979132,fractional_kelly,fractional_kelly+max_stake_cap,0.43512404805724403,0.01,9831.403393979132,9733.089360039341,0.029990149101999854,42.351012424432085,0.4307728075766716,lose,-98.31403393979132,-1.0,0.0,"[{""line"": -0.5, ""stake"": 98.31403393979132, ""outcome"": ""lose"", ""pnl"": -98.31403393979132, ""total_return"": 0.0}]"
E0_2324_0048,2023-09-18 19:45:00+00:00,E0,NON_HKJC,logistic_regression,direct_cover,away,-0.25,2.0,2.0,2.0,0.7081542237312091,0.4871794871794872,0.4871794871794872,0.4871794871794872,0.4871794871794872,0.4871794871794872,0.4871794871794872,0.22097473655172184,0.0,0.0,0.4163084474624181,97.33089360039341,fractional_kelly,fractional_kelly+max_stake_cap,0.41630844746241813,0.01,9733.089360039341,9684.423913239145,0.0348401983564898,40.519673204909594,0.4163084474624182,half-lose,-48.665446800196705,-0.5,48.665446800196705,"[{""line"": -0.5, ""stake"": 48.665446800196705, ""outcome"": ""lose"", ""pnl"": -48.665446800196705, ""total_return"": 0.0}, {""line"": 0.0, ""stake"": 48.665446800196705, ""outcome"": ""push"", ""pnl"": 0.0, ""total_return"": 48.665446800196705}]"
E0_2324_0049,2023-09-23 15:00:00+00:00,E0,NON_HKJC,logistic_regression,direct_cover,away,-0.5,1.92,1.92,1.92,0.6209814010859902,0.5076923076923077,0.5076923076923077,0.5076923076923077,0.5076923076923077,0.5076923076923077,0.5076923076923077,0.11328909339368254,0.0,0.0,0.2419628021719804,96.84423913239145,fractional_kelly,fractional_kelly+max_stake_cap,0.20900466313597954,0.01,9684.423913239145,9587.579674106753,0.044491796372924906,18.62162577040366,0.19228429008510114,lose,-96.84423913239145,-1.0,0.0,"[{""line"": -0.5, ""stake"": 96.84423913239145, ""outcome"": ""lose"", ""pnl"": -96.84423913239145, ""total_return"": 0.0}]"
E0_2324_0052,2023-09-23 17:30:00+00:00,E0,NON_HKJC,logistic_regression,direct_cover,away,-0.75,1.84,1.84,1.84,0.6456273226989211,0.5282051282051282,0.5282051282051282,0.5282051282051282,0.5282051282051282,0.5282051282051282,0.5282051282051282,0.11742219449379288,0.0,0.0,0.2912546453978422,95.87579674106753,fractional_kelly,fractional_kelly+max_stake_cap,0.22375508781668427,0.01,9587.579674106753,9668.11534336925,0.03646552746245742,18.020265748205397,0.1879542737660148,win,80.53566926249674,0.8400000000000001,176.41146600356427,"[{""line"": -1.0, ""stake"": 47.937898370533766, ""outcome"": ""win"", ""pnl"": 40.26783463124837, ""total_return"": 88.20573300178214}, {""line"": -0.5, ""stake"": 47.937898370533766, ""outcome"": ""win"", ""pnl"": 40.26783463124837, ""total_return"": 88.20573300178214}]"
E0_2324_0053,2023-09-23 20:00:00+00:00,E0,NON_HKJC,logistic_regression,direct_cover,away,0.75,1.95,1.95,1.95,0.760242264743917,0.5,0.5,0.5,0.5,0.5,0.5,0.260242264743917,0.0,0.0,0.520484529487834,96.68115343369251,fractional_kelly,fractional_kelly+max_stake_cap,0.5078657013164611,0.01,9668.11534336925,9759.962439131259,0.027311949973350715,46.645989703052294,0.48247241625063797,win,91.84709576200788,0.95,188.5282491957004,"[{""line"": 0.5, ""stake"": 48.34057671684626, ""outcome"": ""win"", ""pnl"": 45.92354788100394, ""total_return"": 94.2641245978502}, {""line"": 1.0, ""stake"": 48.34057671684626, ""outcome"": ""win"", ""pnl"": 45.92354788100394, ""total_return"": 94.2641245978502}]"
E0_2324_0054,2023-09-24 14:00:00+00:00,E0,NON_HKJC,logistic_regression,direct_cover,home,-0.75,1.87,1.87,1.87,0.6375916956483072,0.5205128205128204,0.5205128205128204,0.5205128205128204,0.5205128205128204,0.5205128205128204,0.5205128205128204,0.11707887513548676,0.0,0.0,0.2751833912966144,97.59962439131259,fractional_kelly,fractional_kelly+max_stake_cap,0.22103042627854536,0.01,9759.962439131259,9662.362814739947,0.03703883047361718,18.768063327938833,0.1922964708623345,lose,-97.59962439131259,-1.0,0.0,"[{""line"": -1.0, ""stake"": 48.799812195656294, ""outcome"": ""lose"", ""pnl"": -48.799812195656294, ""total_return"": 0.0}, {""line"": -0.5, ""stake"": 48.799812195656294, ""outcome"": ""lose"", ""pnl"": -48.799812195656294, ""total_return"": 0.0}]"
E0_2324_0058,2023-09-24 16:30:00+00:00,E0,NON_HKJC,logistic_regression,direct_cover,away,1.25,1.98,1.98,1.98,0.5713598281010346,0.4923076923076923,0.4923076923076923,0.4923076923076923,0.4923076923076923,0.4923076923076923,0.4923076923076923,0.0790521357933423,0.0,0.0,0.1427196562020691,96.62362814739947,fractional_kelly,fractional_kelly+max_stake_cap,0.13397189759188616,0.01,9662.362814739947,9757.053970324398,0.02760181101225869,12.685953798817486,0.13129245964004838,win,94.69115558445148,0.98,191.31478373185095,"[{""line"": 1.0, ""stake"": 48.311814073699736, ""outcome"": ""win"", ""pnl"": 47.34557779222574, ""total_return"": 95.65739186592548}, {""line"": 1.5, ""stake"": 48.311814073699736, ""outcome"": ""win"", ""pnl"": 47.34557779222574, ""total_return"": 95.65739186592548}]"
E0_2324_0059,2023-09-30 12:30:00+00:00,E0,NON_HKJC,logistic_regression,direct_cover,home,0.0,1.97,1.97,1.97,0.5666380759595866,0.4987277353689566,0.4987277353689566,0.4987277353689566,0.4987277353689566,0.4987277353689566,0.4987277353689566,0.06791034059063,0.0,0.0,0.1332761519191732,97.57053970324398,fractional_kelly,fractional_kelly+max_stake_cap,0.11987320581483048,0.01,9757.053970324398,9851.697393836545,0.018169548579077575,11.345210585691724,0.11627700964038558,win,94.64342351214665,0.97,192.21396321539063,"[{""line"": 0.0, ""stake"": 97.57053970324398, ""outcome"": ""win"", ""pnl"": 94.64342351214665, ""total_return"": 192.21396321539063}]"
E0_2324_0060,2023-09-30 15:00:00+00:00,E0,NON_HKJC,logistic_regression,direct_cover,away,1.0,1.93,1.93,1.93,0.6117158634663737,0.5089058524173028,0.5089058524173028,0.5089058524173028,0.5089058524173028,0.5089058524173028,0.5089058524173028,0.10281001104907095,0.0,0.0,0.2234317269327475,98.51697393836545,fractional_kelly,fractional_kelly+max_stake_cap,0.19420603923666804,0.01,9851.697393836545,9943.318179599224,0.009038525380863026,17.793309914721362,0.18061161649010127,win,91.62078576267987,0.93,190.13775970104533,"[{""line"": 1.0, ""stake"": 98.51697393836545, ""outcome"": ""win"", ""pnl"": 91.62078576267987, ""total_return"": 190.13775970104533}]"
E0_2324_0066,2023-09-30 17:30:00+00:00,E0,NON_HKJC,logistic_regression,direct_cover,away,0.25,1.96,1.96,1.96,0.5999352322870073,0.5012722646310432,0.5012722646310432,0.5012722646310432,0.5012722646310432,0.5012722646310432,0.5012722646310432,0.09866296765596405,0.0,0.0,0.1998704645740145,99.43318179599224,fractional_kelly,fractional_kelly+max_stake_cap,0.1832010992526399,0.01,9943.318179599224,9843.884997803232,0.018948140127054362,17.487617478924825,0.1758730552825343,lose,-99.43318179599224,-1.0,0.0,"[{""line"": 0.0, ""stake"": 49.71659089799612, ""outcome"": ""lose"", ""pnl"": -49.71659089799612, ""total_return"": 0.0}, {""line"": 0.5, ""stake"": 49.71659089799612, ""outcome"": ""lose"", ""pnl"": -49.71659089799612, ""total_return"": 0.0}]"
E0_2324_0067,2023-10-01 14:00:00+00:00,E0,NON_HKJC,logistic_regression,direct_cover,away,0.0,1.89,1.89,1.89,0.5527449452120188,0.5153846153846154,0.5153846153846154,0.5153846153846154,0.5153846153846154,0.5153846153846154,0.5153846153846154,0.03736032982740334,0.0,0.0,0.1054898904240375,74.1409560082301,fractional_kelly,fractional_kelly,0.050211175787320726,0.007531676368098109,9843.884997803232,9843.884997803232,0.018948140127054362,3.313207071900635,0.04468794645071542,push,0.0,0.0,74.1409560082301,"[{""line"": 0.0, ""stake"": 74.1409560082301, ""outcome"": ""push"", ""pnl"": 0.0, ""total_return"": 74.1409560082301}]"
E0_2324_0068,2023-10-02 20:00:00+00:00,E0,NON_HKJC,logistic_regression,direct_cover,away,0.5,2.05,2.05,2.05,0.6355637372984104,0.4743589743589744,0.4743589743589744,0.4743589743589744,0.4743589743589744,0.4743589743589744,0.4743589743589744,0.16120476293943603,0.0,0.0,0.2711274745968208,98.43884997803232,fractional_kelly,fractional_kelly+max_stake_cap,0.28848158234451554,0.01,9843.884997803232,9947.245790280165,0.008647095598388522,29.817684966129,0.3029056614617413,win,103.36079247693391,1.0499999999999996,201.79964245496623,"[{""line"": 0.5, ""stake"": 98.43884997803232, ""outcome"": ""win"", ""pnl"": 103.36079247693391, ""total_return"": 201.79964245496623}]"
E0_2324_0069,2023-10-03 19:30:00+00:00,E0,NON_HKJC,logistic_regression,direct_cover,away,0.0,1.85,1.85,1.85,0.632831380027089,0.5292620865139949,0.5292620865139949,0.5292620865139949,0.5292620865139949,0.5292620865139949,0.5292620865139949,0.10356929351309418,0.0,0.0,0.2656627600541781,99.47245790280165,fractional_kelly,fractional_kelly+max_stake_cap,0.20086829770601738,0.01,9947.245790280165,10031.797379497546,0.00022059591097488832,16.98373379443386,0.1707380530501148,win,84.55158921738142,0.8500000000000002,184.02404712018307,"[{""line"": 0.0, ""stake"": 99.47245790280165, ""outcome"": ""win"", ""pnl"": 84.55158921738142, ""total_return"": 184.02404712018307}]"
E0_2324_0070,2023-10-07 12:30:00+00:00,E0,NON_HKJC,logistic_regression,direct_cover,away,1.25,2.02,2.02,2.02,0.5786415336407809,0.482051282051282,0.482051282051282,0.482051282051282,0.482051282051282,0.482051282051282,0.482051282051282,0.09659025158949885,0.0,0.0,0.1572830672815617,100.31797379497546,fractional_kelly,fractional_kelly+max_stake_cap,0.16554499799448763,0.01,10031.797379497546,10134.121712768421,0.0,16.93928154611428,0.1688558979543774,win,102.32433327087496,1.02,202.64230706585042,"[{""line"": 1.0, ""stake"": 50.15898689748773, ""outcome"": ""win"", ""pnl"": 51.16216663543748, ""total_return"": 101.32115353292521}, {""line"": 1.5, ""stake"": 50.15898689748773, ""outcome"": ""win"", ""pnl"": 51.16216663543748, ""total_return"": 101.32115353292521}]"
E0_2324_0071,2023-10-07 15:00:00+00:00,E0,NON_HKJC,logistic_regression,direct_cover,away,0.75,1.99,1.99,1.99,0.6639728604074222,0.4897435897435898,0.4897435897435898,0.4897435897435898,0.4897435897435898,0.4897435897435898,0.4897435897435898,0.17422927066383243,0.0,0.0,0.3279457208148444,101.34121712768422,fractional_kelly,fractional_kelly+max_stake_cap,0.3245515072836062,0.01,10134.121712768421,10234.449517724828,0.0,32.56154032105768,0.3213059922107702,win,100.32780495640736,0.9899999999999999,201.66902208409158,"[{""line"": 0.5, ""stake"": 50.67060856384211, ""outcome"": ""win"", ""pnl"": 50.16390247820368, ""total_return"": 100.83451104204579}, {""line"": 1.0, ""stake"": 50.67060856384211, ""outcome"": ""win"", ""pnl"": 50.16390247820368, ""total_return"": 100.83451104204579}]"
E0_2324_0075,2023-10-07 17:30:00+00:00,E0,NON_HKJC,logistic_regression,direct_cover,away,-0.25,1.99,1.99,1.99,0.5634604032123611,0.4897435897435898,0.4897435897435898,0.4897435897435898,0.4897435897435898,0.4897435897435898,0.4897435897435898,0.07371681346877135,0.0,0.0,0.1269208064247222,102.34449517724829,fractional_kelly,fractional_kelly+max_stake_cap,0.12251131554807948,0.01,10234.449517724828,10183.277270136205,0.004999999999999945,12.41297515583608,0.12128620239259871,half-lose,-51.172247588624145,-0.5,51.172247588624145,"[{""line"": -0.5, ""stake"": 51.172247588624145, ""outcome"": ""lose"", ""pnl"": -51.172247588624145, ""total_return"": 0.0}, {""line"": 0.0, ""stake"": 51.172247588624145, ""outcome"": ""push"", ""pnl"": 0.0, ""total_return"": 51.172247588624145}]"
E0_2324_0076,2023-10-08 14:00:00+00:00,E0,NON_HKJC,logistic_regression,direct_cover,away,0.25,1.9,1.9,1.9,0.5913816490029002,0.5128205128205129,0.5128205128205129,0.5128205128205129,0.5128205128205129,0.5128205128205129,0.5128205128205129,0.07856113618238736,0.0,0.0,0.1827632980058005,101.83277270136205,fractional_kelly,fractional_kelly+max_stake_cap,0.13736125900612264,0.01,10183.277270136205,10229.102017851817,0.0005224999999999536,12.589090079709067,0.12362513310551038,half-win,45.824747715612915,0.44999999999999996,147.65752041697496,"[{""line"": 0.0, ""stake"": 50.91638635068102, ""outcome"": ""push"", ""pnl"": 0.0, ""total_return"": 50.91638635068102}, {""line"": 0.5, ""stake"": 50.91638635068102, ""outcome"": ""win"", ""pnl"": 45.824747715612915, ""total_return"": 96.74113406629394}]"
E0_2324_0079,2023-10-08 16:30:00+00:00,E0,NON_HKJC,logistic_regression,direct_cover,away,0.25,2.11,2.11,2.11,0.6128865878241279,0.4589743589743589,0.4589743589743589,0.4589743589743589,0.4589743589743589,0.4589743589743589,0.4589743589743589,0.15391222884976896,0.0,0.0,0.2257731756482557,102.29102017851818,fractional_kelly,fractional_kelly+max_stake_cap,0.2641357660440628,0.01,10229.102017851817,10126.8109976733,0.010517274999999939,29.990775841452553,0.29319070030890965,lose,-102.29102017851818,-1.0,0.0,"[{""line"": 0.0, ""stake"": 51.14551008925909, ""outcome"": ""lose"", ""pnl"": -51.14551008925909, ""total_return"": 0.0}, {""line"": 0.5, ""stake"": 51.14551008925909, ""outcome"": ""lose"", ""pnl"": -51.14551008925909, ""total_return"": 0.0}]"
E0_2324_0088,2023-10-22 16:30:00+00:00,E0,NON_HKJC,logistic_regression,direct_cover,home,-0.5,1.91,1.91,1.91,0.5911367017369882,0.5139949109414759,0.5139949109414759,0.5139949109414759,0.5139949109414759,0.5139949109414759,0.5139949109414759,0.07714179079551231,0.0,0.0,0.1822734034739763,101.268109976733,fractional_kelly,fractional_kelly+max_stake_cap,0.14183637397543666,0.01,10126.8109976733,10218.964977752126,0.0015129822024999534,13.070786381785446,0.12907110031764732,win,92.15398007882703,0.91,193.42209005556003,"[{""line"": -0.5, ""stake"": 101.268109976733, ""outcome"": ""win"", ""pnl"": 92.15398007882703, ""total_return"": 193.42209005556003}]"
E0_2324_0089,2023-10-23 20:00:00+00:00,E0,NON_HKJC,logistic_regression,direct_cover,home,-1.0,1.83,1.83,1.83,0.5855642049331272,0.5343511450381679,0.5343511450381679,0.5343511450381679,0.5343511450381679,0.5343511450381679,0.5343511450381679,0.05121305989495928,0.0,0.0,0.1711284098662544,102.18964977752127,fractional_kelly,fractional_kelly+max_stake_cap,0.08624396991279863,0.01,10218.964977752126,10303.78238706747,0.0,7.314990097073938,0.07158249502762286,win,84.81740931534266,0.8300000000000001,187.00705909286393,"[{""line"": -1.0, ""stake"": 102.18964977752127, ""outcome"": ""win"", ""pnl"": 84.81740931534266, ""total_return"": 187.00705909286393}]"
E0_2324_0090,2023-10-27 20:00:00+00:00,E0,NON_HKJC,logistic_regression,direct_cover,home,0.75,1.89,1.89,1.89,0.5557693405862726,0.5190839694656489,0.5190839694656489,0.5190839694656489,0.5190839694656489,0.5190839694656489,0.5190839694656489,0.036685371120623644,0.0,0.0,0.1115386811725451,87.53130351132491,fractional_kelly,fractional_kelly,0.05663376821129789,0.008495065231694684,10303.78238706747,10260.016735311807,0.004247532615847344,4.411932523320893,0.0504040537080551,half-lose,-43.765651755662454,-0.5,43.765651755662454,"[{""line"": 0.5, ""stake"": 43.765651755662454, ""outcome"": ""lose"", ""pnl"": -43.765651755662454, ""total_return"": 0.0}, {""line"": 1.0, ""stake"": 43.765651755662454, ""outcome"": ""push"", ""pnl"": 0.0, ""total_return"": 43.765651755662454}]"
E0_2324_0091,2023-10-28 12:30:00+00:00,E0,NON_HKJC,logistic_regression,direct_cover,home,-0.75,1.86,1.86,1.86,0.5616553073142265,0.5267175572519084,0.5267175572519084,0.5267175572519084,0.5267175572519084,0.5267175572519084,0.5267175572519084,0.03493775006231814,0.0,0.0,0.123310614628453,79.95452971685253,fractional_kelly,fractional_kelly,0.05195217628425741,0.0077928264426386125,10260.016735311807,10180.062205594953,0.01200725877400129,3.5722781674143462,0.04467887160446138,lose,-79.95452971685253,-1.0,0.0,"[{""line"": -1.0, ""stake"": 39.97726485842627, ""outcome"": ""lose"", ""pnl"": -39.97726485842627, ""total_return"": 0.0}, {""line"": -0.5, ""stake"": 39.97726485842627, ""outcome"": ""lose"", ""pnl"": -39.97726485842627, ""total_return"": 0.0}]"
E0_2324_0092,2023-10-28 15:00:00+00:00,E0,NON_HKJC,logistic_regression,direct_cover,home,-2.5,2.03,2.03,2.03,0.6210120732442118,0.4671916010498688,0.4671916010498688,0.4671916010498688,0.4671916010498688,0.4671916010498688,0.4671916010498688,0.15382047219434303,0.0,0.0,0.2420241464884236,101.80062205594953,fractional_kelly,fractional_kelly+max_stake_cap,0.25306262979199023,0.01,10180.062205594953,10284.91684631258,0.0018309335393735776,26.534791125897243,0.2606545086857499,win,104.854640717628,1.0299999999999998,206.65526277357753,"[{""line"": -2.5, ""stake"": 101.80062205594953, ""outcome"": ""win"", ""pnl"": 104.854640717628, ""total_return"": 206.65526277357753}]"
E0_2324_0094,2023-10-28 17:30:00+00:00,E0,NON_HKJC,logistic_regression,direct_cover,home,0.75,1.87,1.87,1.87,0.5529718757563526,0.5241730279898218,0.5241730279898218,0.5241730279898218,0.5241730279898218,0.5241730279898218,0.5241730279898218,0.028798847766530855,0.0,0.0,0.1059437515127053,60.39269066019176,fractional_kelly,fractional_kelly,0.03914644559124084,0.005871966838686126,10284.91684631258,10337.458487186948,0.0,2.0568184857629177,0.03405740766437954,win,52.541640874366834,0.87,112.9343315345586,"[{""line"": 0.5, ""stake"": 30.19634533009588, ""outcome"": ""win"", ""pnl"": 26.270820437183417, ""total_return"": 56.4671657672793}, {""line"": 1.0, ""stake"": 30.19634533009588, ""outcome"": ""win"", ""pnl"": 26.270820437183417, ""total_return"": 56.4671657672793}]"
E0_2324_0096,2023-10-29 14:00:00+00:00,E0,NON_HKJC,logistic_regression,direct_cover,home,-1.75,2.0,2.0,2.0,0.5894991976707381,0.4910941475826971,0.4910941475826971,0.4910941475826971,0.4910941475826971,0.4910941475826971,0.4910941475826971,0.09840505008804101,0.0,0.0,0.1789983953414762,103.37458487186949,fractional_kelly,fractional_kelly+max_stake_cap,0.1789983953414762,0.01,10337.458487186948,10389.145779622882,0.0,18.503884811155885,0.17899839534147624,half-win,51.687292435934744,0.5,155.06187730780422,"[{""line"": -2.0, ""stake"": 51.687292435934744, ""outcome"": ""push"", ""pnl"": 0.0, ""total_return"": 51.687292435934744}, {""line"": -1.5, ""stake"": 51.687292435934744, ""outcome"": ""win"", ""pnl"": 51.687292435934744, ""total_return"": 103.37458487186949}]"
E0_2324_0099,2023-10-29 15:30:00+00:00,E0,NON_HKJC,logistic_regression,direct_cover,home,0.75,2.06,2.06,2.06,0.5951604154944624,0.4758269720101781,0.4758269720101781,0.4758269720101781,0.4758269720101781,0.4758269720101781,0.4758269720101781,0.11933344348428432,0.0,0.0,0.1903208309889248,103.89145779622882,fractional_kelly,fractional_kelly+max_stake_cap,0.2132362791684836,0.01,10389.145779622882,10285.254321826653,0.010000000000000073,23.482633571728826,0.22603045591859264,lose,-103.89145779622882,-1.0,0.0,"[{""line"": 0.5, ""stake"": 51.94572889811441, ""outcome"": ""lose"", ""pnl"": -51.94572889811441, ""total_return"": 0.0}, {""line"": 1.0, ""stake"": 51.94572889811441, ""outcome"": ""lose"", ""pnl"": -51.94572889811441, ""total_return"": 0.0}]"
E0_2324_0100,2023-11-04 12:30:00+00:00,E0,NON_HKJC,logistic_regression,direct_cover,home,0.25,1.99,1.99,1.99,0.6249777084989653,0.4936386768447837,0.4936386768447837,0.4936386768447837,0.4936386768447837,0.4936386768447837,0.4936386768447837,0.1313390316541816,0.0,0.0,0.2499554169979305,102.85254321826653,fractional_kelly,fractional_kelly+max_stake_cap,0.24616731304337466,0.01,10285.254321826653,10182.401778608386,0.019900000000000105,25.065744861681054,0.2437056399129409,lose,-102.85254321826653,-1.0,0.0,"[{""line"": 0.0, ""stake"": 51.426271609133266, ""outcome"": ""lose"", ""pnl"": -51.426271609133266, ""total_return"": 0.0}, {""line"": 0.5, ""stake"": 51.426271609133266, ""outcome"": ""lose"", ""pnl"": -51.426271609133266, ""total_return"": 0.0}]"
E0_2324_0101,2023-11-04 15:00:00+00:00,E0,NON_HKJC,logistic_regression,direct_cover,home,-0.25,1.75,1.75,1.75,0.6353941580223549,0.5394736842105263,0.5394736842105263,0.5394736842105263,0.5394736842105263,0.5394736842105263,0.5394736842105263,0.09592047381182855,0.0,0.0,0.2707883160447097,101.82401778608386,fractional_kelly,fractional_kelly+max_stake_cap,0.1492530353854947,0.01,10182.401778608386,10258.769791947949,0.012549250000000114,11.398157797289713,0.11193977653912103,win,76.36801333956288,0.7499999999999999,178.19203112564674,"[{""line"": -0.5, ""stake"": 50.91200889304193, ""outcome"": ""win"", ""pnl"": 38.18400666978144, ""total_return"": 89.09601556282337}, {""line"": 0.0, ""stake"": 50.91200889304193, ""outcome"": ""win"", ""pnl"": 38.18400666978144, ""total_return"": 89.09601556282337}]"
E0_2324_0106,2023-11-04 17:30:00+00:00,E0,NON_HKJC,logistic_regression,direct_cover,home,0.0,2.06,2.06,2.06,0.6039662600000847,0.4758269720101781,0.4758269720101781,0.4758269720101781,0.4758269720101781,0.4758269720101781,0.4758269720101781,0.1281392879899066,0.0,0.0,0.2079325200001693,102.5876979194795,fractional_kelly,fractional_kelly+max_stake_cap,0.23034952415110796,0.01,10258.769791947949,10367.512751742597,0.0020822720500001,25.0488890434803,0.2441704956001745,win,108.74295979464827,1.06,211.33065771412777,"[{""line"": 0.0, ""stake"": 102.5876979194795, ""outcome"": ""win"", ""pnl"": 108.74295979464827, ""total_return"": 211.33065771412777}]"
E0_2324_0107,2023-11-05 14:00:00+00:00,E0,NON_HKJC,logistic_regression,direct_cover,home,0.5,2.04,2.04,2.04,0.5870375174935714,0.4809160305343511,0.4809160305343511,0.4809160305343511,0.4809160305343511,0.4809160305343511,0.4809160305343511,0.10612148695922025,0.0,0.0,0.1740750349871427,103.67512751742598,fractional_kelly,fractional_kelly+max_stake_cap,0.18995820739123612,0.01,10367.512751742597,10475.33488436072,0.0,20.481699029238783,0.19755653568688564,win,107.82213261812302,1.04,211.497260135549,"[{""line"": 0.5, ""stake"": 103.67512751742598, ""outcome"": ""win"", ""pnl"": 107.82213261812302, ""total_return"": 211.497260135549}]"
E0_2324_0108,2023-11-05 16:30:00+00:00,E0,NON_HKJC,logistic_regression,direct_cover,home,1.75,2.08,2.08,2.08,0.6448024811460726,0.4707379134860051,0.4707379134860051,0.4707379134860051,0.4707379134860051,0.4707379134860051,0.4707379134860051,0.17406456766006756,0.0,0.0,0.2896049622921453,104.7533488436072,fractional_kelly,fractional_kelly+max_stake_cap,0.3159158896146584,0.01,10475.33488436072,10588.468501111816,0.0,35.74070718124624,0.3411891607838311,win,113.13361675109579,1.08,217.88696559470299,"[{""line"": 1.5, ""stake"": 52.3766744218036, ""outcome"": ""win"", ""pnl"": 56.56680837554789, ""total_return"": 108.94348279735149}, {""line"": 2.0, ""stake"": 52.3766744218036, ""outcome"": ""win"", ""pnl"": 56.56680837554789, ""total_return"": 108.94348279735149}]"
E0_2324_0109,2023-11-06 20:00:00+00:00,E0,NON_HKJC,logistic_regression,direct_cover,home,-0.25,1.88,1.88,1.88,0.642431537598517,0.5216284987277354,0.5216284987277354,0.5216284987277354,0.5216284987277354,0.5216284987277354,0.5216284987277354,0.12080303887078159,0.0,0.0,0.284863075197034,105.88468501111817,fractional_kelly,fractional_kelly+max_stake_cap,0.23610373941501359,0.01,10588.468501111816,10482.583816100698,0.010000000000000038,21.999797668557136,0.20777129068521194,lose,-105.88468501111817,-1.0,0.0,"[{""line"": -0.5, ""stake"": 52.94234250555908, ""outcome"": ""lose"", ""pnl"": -52.94234250555908, ""total_return"": 0.0}, {""line"": 0.0, ""stake"": 52.94234250555908, ""outcome"": ""lose"", ""pnl"": -52.94234250555908, ""total_return"": 0.0}]"
E0_2324_0110,2023-11-11 12:30:00+00:00,E0,NON_HKJC,logistic_regression,direct_cover,home,0.25,1.94,1.94,1.94,0.657438366125696,0.5025641025641026,0.5025641025641026,0.5025641025641026,0.5025641025641026,0.5025641025641026,0.5025641025641026,0.1548742635615934,0.0,0.0,0.3148767322513919,104.82583816100698,fractional_kelly,fractional_kelly+max_stake_cap,0.293011096046649,0.01,10482.583816100698,10581.120103972044,0.0006940000000001052,28.872225709551387,0.2754304302838501,win,98.53628787134657,0.9400000000000001,203.36212603235356,"[{""line"": 0.0, ""stake"": 52.41291908050349, ""outcome"": ""win"", ""pnl"": 49.26814393567329, ""total_return"": 101.68106301617678}, {""line"": 0.5, ""stake"": 52.41291908050349, ""outcome"": ""win"", ""pnl"": 49.26814393567329, ""total_return"": 101.68106301617678}]"
E0_2324_0111,2023-11-11 15:00:00+00:00,E0,NON_HKJC,logistic_regression,direct_cover,home,-2.0,1.99,1.99,1.99,0.6459247841573797,0.4897435897435898,0.4897435897435898,0.4897435897435898,0.4897435897435898,0.4897435897435898,0.4897435897435898,0.15618119441378997,0.0,0.0,0.2918495683147595,105.81120103972044,fractional_kelly,fractional_kelly+max_stake_cap,0.28827305098301587,0.01,10581.120103972044,10581.120103972044,0.0006940000000001052,30.197492574378494,0.2853903204731857,push,0.0,0.0,105.81120103972044,"[{""line"": -2.0, ""stake"": 105.81120103972044, ""outcome"": ""push"", ""pnl"": 0.0, ""total_return"": 105.81120103972044}]"
E0_2324_0114,2023-11-11 17:30:00+00:00,E0,NON_HKJC,logistic_regression,direct_cover,home,0.75,1.94,1.94,1.94,0.6375127004526521,0.5025641025641026,0.5025641025641026,0.5025641025641026,0.5025641025641026,0.5025641025641026,0.5025641025641026,0.13494859788854952,0.0,0.0,0.2750254009053041,105.81120103972044,fractional_kelly,fractional_kelly+max_stake_cap,0.25188791370015423,0.01,10581.120103972044,10680.582632949381,0.0,25.053408915442603,0.23677463887814493,win,99.46252897733721,0.94,205.27373001705766,"[{""line"": 0.5, ""stake"": 52.90560051986022, ""outcome"": ""win"", ""pnl"": 49.73126448866861, ""total_return"": 102.63686500852883}, {""line"": 1.0, ""stake"": 52.90560051986022, ""outcome"": ""win"", ""pnl"": 49.73126448866861, ""total_return"": 102.63686500852883}]"
E0_2324_0115,2023-11-12 14:00:00+00:00,E0,NON_HKJC,logistic_regression,direct_cover,home,-1.0,2.02,2.02,2.02,0.6335850434005886,0.482051282051282,0.482051282051282,0.482051282051282,0.482051282051282,0.482051282051282,0.482051282051282,0.15153376134930663,0.0,0.0,0.2671700868011772,106.80582632949381,fractional_kelly,fractional_kelly+max_stake_cap,0.27435469379332267,0.01,10680.582632949381,10789.524575805464,0.0,29.8887333735305,0.27984178766918916,win,108.9419428560837,1.02,215.7477691855775,"[{""line"": -1.0, ""stake"": 106.80582632949381, ""outcome"": ""win"", ""pnl"": 108.9419428560837, ""total_return"": 215.7477691855775}]"
E0_2324_0119,2023-11-12 16:30:00+00:00,E0,NON_HKJC,logistic_regression,direct_cover,home,0.75,1.94,1.94,1.94,0.7062362265686052,0.5025641025641026,0.5025641025641026,0.5025641025641026,0.5025641025641026,0.5025641025641026,0.5025641025641026,0.20367212400450263,0.0,0.0,0.4124724531372103,107.89524575805464,fractional_kelly,fractional_kelly+max_stake_cap,0.39372157398201496,0.01,10789.524575805464,10890.946106818035,0.0,39.93184482593534,0.3700982795430941,win,101.42153101257136,0.9400000000000001,209.316776770626,"[{""line"": 0.5, ""stake"": 53.94762287902732, ""outcome"": ""win"", ""pnl"": 50.71076550628568, ""total_return"": 104.658388385313}, {""line"": 1.0, ""stake"": 53.94762287902732, ""outcome"": ""win"", ""pnl"": 50.71076550628568, ""total_return"": 104.658388385313}]"
E0_2324_0120,2023-11-25 12:30:00+00:00,E0,NON_HKJC,logistic_regression,direct_cover,home,-0.75,1.97,1.97,1.97,0.7682373728845052,0.4987277353689566,0.4987277353689566,0.4987277353689566,0.4987277353689566,0.4987277353689566,0.4987277353689566,0.26950963751554863,0.0,0.0,0.5364747457690104,108.90946106818035,fractional_kelly,fractional_kelly+max_stake_cap,0.5293068294664693,0.01,10890.946106818035,10782.036645749855,0.01000000000000001,55.917125890793415,0.5134276245824754,lose,-108.90946106818035,-1.0,0.0,"[{""line"": -1.0, ""stake"": 54.454730534090174, ""outcome"": ""lose"", ""pnl"": -54.454730534090174, ""total_return"": 0.0}, {""line"": -0.5, ""stake"": 54.454730534090174, ""outcome"": ""lose"", ""pnl"": -54.454730534090174, ""total_return"": 0.0}]"
E0_2324_0121,2023-11-25 15:00:00+00:00,E0,NON_HKJC,logistic_regression,direct_cover,home,0.25,2.08,2.08,2.08,0.6778635791311268,0.4707379134860051,0.4707379134860051,0.4707379134860051,0.4707379134860051,0.4707379134860051,0.4707379134860051,0.20712566564512175,0.0,0.0,0.3557271582622536,107.82036645749855,fractional_kelly,fractional_kelly+max_stake_cap,0.37958911536365164,0.01,10782.036645749855,10674.216279292355,0.019900000000000088,44.20163252352955,0.4099562445927438,lose,-107.82036645749855,-1.0,0.0,"[{""line"": 0.0, ""stake"": 53.910183228749275, ""outcome"": ""lose"", ""pnl"": -53.910183228749275, ""total_return"": 0.0}, {""line"": 0.5, ""stake"": 53.910183228749275, ""outcome"": ""lose"", ""pnl"": -53.910183228749275, ""total_return"": 0.0}]"
E0_2324_0127,2023-11-26 14:00:00+00:00,E0,NON_HKJC,logistic_regression,direct_cover,home,-0.25,2.09,2.09,2.09,0.5693241711129912,0.4681933842239186,0.4681933842239186,0.4681933842239186,0.4681933842239186,0.4681933842239186,0.4681933842239186,0.10113078688907257,0.0,0.0,0.1386483422259823,106.74216279292355,fractional_kelly,fractional_kelly+max_stake_cap,0.1742087317671114,0.01,10674.216279292355,10567.474116499432,0.029701000000000075,20.2690043187948,0.18988751762615147,lose,-106.74216279292355,-1.0,0.0,"[{""line"": -0.5, ""stake"": 53.371081396461776, ""outcome"": ""lose"", ""pnl"": -53.371081396461776, ""total_return"": 0.0}, {""line"": 0.0, ""stake"": 53.371081396461776, ""outcome"": ""lose"", ""pnl"": -53.371081396461776, ""total_return"": 0.0}]"
E0_2324_0128,2023-11-26 16:30:00+00:00,E0,NON_HKJC,logistic_regression,direct_cover,home,0.0,2.03,2.03,2.03,0.5542170032930692,0.4834605597964376,0.4834605597964376,0.4834605597964376,0.4834605597964376,0.4834605597964376,0.4834605597964376,0.07075644349663163,0.0,0.0,0.1084340065861384,105.67474116499432,fractional_kelly,fractional_kelly+max_stake_cap,0.12141797736401018,0.01,10567.474116499432,10461.799375334438,0.03940399000000004,13.215737730640477,0.12506051668493043,lose,-105.67474116499432,-1.0,0.0,"[{""line"": 0.0, ""stake"": 105.67474116499432, ""outcome"": ""lose"", ""pnl"": -105.67474116499432, ""total_return"": 0.0}]"
E0_2324_0130,2023-12-02 15:00:00+00:00,E0,NON_HKJC,logistic_regression,direct_cover,home,-1.5,1.83,1.83,1.83,0.5959782101187132,0.5343511450381679,0.5343511450381679,0.5343511450381679,0.5343511450381679,0.5343511450381679,0.5343511450381679,0.061627065080545274,0.0,0.0,0.1919564202374264,104.61799375334438,fractional_kelly,fractional_kelly+max_stake_cap,0.10920496929788581,0.01,10461.799375334438,10357.181381581093,0.049009950100000116,9.482587980547514,0.0906401245172452,lose,-104.61799375334438,-1.0,0.0,"[{""line"": -1.5, ""stake"": 104.61799375334438, ""outcome"": ""lose"", ""pnl"": -104.61799375334438, ""total_return"": 0.0}]"
E0_2324_0133,2023-12-02 17:30:00+00:00,E0,NON_HKJC,logistic_regression,direct_cover,home,0.0,2.05,2.05,2.05,0.6056731392015111,0.4783715012722647,0.4783715012722647,0.4783715012722647,0.4783715012722647,0.4783715012722647,0.4783715012722647,0.12730163792924643,0.0,0.0,0.2113462784030222,103.57181381581093,fractional_kelly,fractional_kelly+max_stake_cap,0.2301237479648549,0.01,10357.181381581093,10253.609567765281,0.058519850599000195,25.026050677753183,0.24162993536309768,lose,-103.57181381581093,-1.0,0.0,"[{""line"": 0.0, ""stake"": 103.57181381581093, ""outcome"": ""lose"", ""pnl"": -103.57181381581093, ""total_return"": 0.0}]"
E0_2324_0135,2023-12-03 14:00:00+00:00,E0,NON_HKJC,logistic_regression,direct_cover,home,0.5,1.95,1.95,1.95,0.642049375832718,0.5038167938931298,0.5038167938931298,0.5038167938931298,0.5038167938931298,0.5038167938931298,0.5038167938931298,0.1382325819395882,0.0,0.0,0.2840987516654361,102.53609567765281,fractional_kelly,fractional_kelly+max_stake_cap,0.26525924513031596,0.01,10253.609567765281,10351.018858659052,0.049575789179690626,25.838714971160833,0.25199628287380016,win,97.40929089377016,0.95,199.94538657142297,"[{""line"": 0.5, ""stake"": 102.53609567765281, ""outcome"": ""win"", ""pnl"": 97.40929089377016, ""total_return"": 199.94538657142297}]"
E0_2324_0139,2023-12-03 16:30:00+00:00,E0,NON_HKJC,logistic_regression,direct_cover,home,-1.75,1.99,1.99,1.99,0.6623378323488076,0.4936386768447837,0.4936386768447837,0.4936386768447837,0.4936386768447837,0.4936386768447837,0.4936386768447837,0.16869915550402392,0.0,0.0,0.3246756646976152,103.51018858659052,fractional_kelly,fractional_kelly+max_stake_cap,0.3212649357314416,0.01,10351.018858659052,10247.508670072462,0.059080031287893645,32.92165214298219,0.3180522863741271,lose,-103.51018858659052,-1.0,0.0,"[{""line"": -2.0, ""stake"": 51.75509429329526, ""outcome"": ""lose"", ""pnl"": -51.75509429329526, ""total_return"": 0.0}, {""line"": -1.5, ""stake"": 51.75509429329526, ""outcome"": ""lose"", ""pnl"": -51.75509429329526, ""total_return"": 0.0}]"
E0_2324_0140,2023-12-05 19:30:00+00:00,E0,NON_HKJC,logistic_regression,direct_cover,home,-0.5,1.9,1.9,1.9,0.6321731857866406,0.5128205128205129,0.5128205128205129,0.5128205128205129,0.5128205128205129,0.5128205128205129,0.5128205128205129,0.11935267296612773,0.0,0.0,0.2643463715732812,102.47508670072463,fractional_kelly,fractional_kelly+max_stake_cap,0.22347672554957462,0.01,10247.508670072462,10339.736248103114,0.05061175156948472,20.61071714365803,0.2011290529946171,win,92.22757803065215,0.8999999999999999,194.70266473137679,"[{""line"": -0.5, ""stake"": 102.47508670072463, ""outcome"": ""win"", ""pnl"": 92.22757803065215, ""total_return"": 194.70266473137679}]"
E0_2324_0141,2023-12-05 20:15:00+00:00,E0,NON_HKJC,logistic_regression,direct_cover,home,1.75,2.01,2.01,2.01,0.6204010441907565,0.4885496183206107,0.4885496183206107,0.4885496183206107,0.4885496183206107,0.4885496183206107,0.4885496183206107,0.13185142587014576,0.0,0.0,0.2408020883815129,103.39736248103114,fractional_kelly,fractional_kelly+max_stake_cap,0.2445604938845747,0.01,10339.736248103114,10444.167584208955,0.04102293026033654,25.539779135070596,0.24700609882342037,win,104.43133610584144,1.01,207.82869858687258,"[{""line"": 1.5, ""stake"": 51.69868124051557, ""outcome"": ""win"", ""pnl"": 52.21566805292072, ""total_return"": 103.91434929343629}, {""line"": 2.0, ""stake"": 51.69868124051557, ""outcome"": ""win"", ""pnl"": 52.21566805292072, ""total_return"": 103.91434929343629}]"
E0_2324_0142,2023-12-06 19:30:00+00:00,E0,NON_HKJC,logistic_regression,direct_cover,home,-0.5,1.93,1.93,1.93,0.5617196154697575,0.5051282051282052,0.5051282051282052,0.5051282051282052,0.5051282051282052,0.5051282051282052,0.5051282051282052,0.05659141034155224,0.0,0.0,0.1234392309395149,104.44167584208955,fractional_kelly,fractional_kelly+max_stake_cap,0.09045038479207729,0.01,10444.167584208955,10541.298342742099,0.03210444351175767,8.785514484469154,0.08411885785663187,win,97.13075853314328,0.9299999999999999,201.57243437523283,"[{""line"": -0.5, ""stake"": 104.44167584208955, ""outcome"": ""win"", ""pnl"": 97.13075853314328, ""total_return"": 201.57243437523283}]"
E0_2324_0146,2023-12-06 20:15:00+00:00,E0,NON_HKJC,logistic_regression,direct_cover,home,0.75,1.98,1.98,1.98,0.6356781223204614,0.4923076923076923,0.4923076923076923,0.4923076923076923,0.4923076923076923,0.4923076923076923,0.4923076923076923,0.1433704300127691,0.0,0.0,0.2713562446409228,105.41298342742098,fractional_kelly,fractional_kelly+max_stake_cap,0.2639211042801159,0.01,10541.298342742099,10644.603066500971,0.022619067058172893,27.264296771793973,0.2586426821945136,win,103.30472375887257,0.9800000000000001,208.71770718629355,"[{""line"": 0.5, ""stake"": 52.70649171371049, ""outcome"": ""win"", ""pnl"": 51.652361879436285, ""total_return"": 104.35885359314678}, {""line"": 1.0, ""stake"": 52.70649171371049, ""outcome"": ""win"", ""pnl"": 51.652361879436285, ""total_return"": 104.35885359314678}]"
E0_2324_0148,2023-12-07 19:30:00+00:00,E0,NON_HKJC,logistic_regression,direct_cover,home,0.25,1.9,1.9,1.9,0.6117460951686969,0.5128205128205129,0.5128205128205129,0.5128205128205129,0.5128205128205129,0.5128205128205129,0.5128205128205129,0.09892558234818405,0.0,0.0,0.2234921903373938,106.44603066500972,fractional_kelly,fractional_kelly+max_stake_cap,0.1803528675783602,0.01,10644.603066500971,10740.404494099479,0.013822638661696529,17.278062185491713,0.16231758082052422,win,95.80142759850872,0.8999999999999998,202.24745826351844,"[{""line"": 0.0, ""stake"": 53.22301533250486, ""outcome"": ""win"", ""pnl"": 47.90071379925436, ""total_return"": 101.12372913175922}, {""line"": 0.5, ""stake"": 53.22301533250486, ""outcome"": ""win"", ""pnl"": 47.90071379925436, ""total_return"": 101.12372913175922}]"
E0_2324_0149,2023-12-07 20:15:00+00:00,E0,NON_HKJC,logistic_regression,direct_cover,home,-0.75,2.0,2.0,2.0,0.6079640676116854,0.4871794871794872,0.4871794871794872,0.4871794871794872,0.4871794871794872,0.4871794871794872,0.4871794871794872,0.1207845804321982,0.0,0.0,0.2159281352233708,107.4040449409948,fractional_kelly,fractional_kelly+max_stake_cap,0.21592813522337084,0.01,10740.404494099479,10633.000449158484,0.02368441227507958,23.19155513955613,0.2159281352233709,lose,-107.4040449409948,-1.0,0.0,"[{""line"": -1.0, ""stake"": 53.7020224704974, ""outcome"": ""lose"", ""pnl"": -53.7020224704974, ""total_return"": 0.0}, {""line"": -0.5, ""stake"": 53.7020224704974, ""outcome"": ""lose"", ""pnl"": -53.7020224704974, ""total_return"": 0.0}]"
E0_2324_0150,2023-12-09 12:30:00+00:00,E0,NON_HKJC,logistic_regression,direct_cover,home,1.0,2.06,2.06,2.06,0.6285501359297595,0.4717948717948718,0.4717948717948718,0.4717948717948718,0.4717948717948718,0.4717948717948718,0.4717948717948718,0.15675526413488772,0.0,0.0,0.257100271859519,106.33000449158484,fractional_kelly,fractional_kelly+max_stake_cap,0.27812573586349487,0.01,10633.000449158484,10633.000449158484,0.02368441227507958,31.3474973882062,0.2948132800153046,push,0.0,0.0,106.33000449158484,"[{""line"": 1.0, ""stake"": 106.33000449158484, ""outcome"": ""push"", ""pnl"": 0.0, ""total_return"": 106.33000449158484}]"
E0_2324_0151,2023-12-09 15:00:00+00:00,E0,NON_HKJC,logistic_regression,direct_cover,home,-1.0,1.75,1.75,1.75,0.7195714014857773,0.5394736842105263,0.5394736842105263,0.5394736842105263,0.5394736842105263,0.5394736842105263,0.5394736842105263,0.18009771727525092,0.0,0.0,0.4391428029715545,106.33000449158484,fractional_kelly,fractional_kelly+max_stake_cap,0.3456666034668136,0.01,10633.000449158484,10526.6704446669,0.03344756815232879,27.566048624412872,0.2592499526001102,lose,-106.33000449158484,-1.0,0.0,"[{""line"": -1.0, ""stake"": 106.33000449158484, ""outcome"": ""lose"", ""pnl"": -106.33000449158484, ""total_return"": 0.0}]"
E0_2324_0156,2023-12-10 14:00:00+00:00,E0,NON_HKJC,logistic_regression,direct_cover,home,0.25,1.87,1.87,1.87,0.7149006656853588,0.5205128205128204,0.5205128205128204,0.5205128205128204,0.5205128205128204,0.5205128205128204,0.5205128205128204,0.19438784517253838,0.0,0.0,0.4298013313707176,105.266704446669,fractional_kelly,fractional_kelly+max_stake_cap,0.3872002814156563,0.01,10526.6704446669,10618.252477535501,0.025038561995254036,35.46058889934059,0.33686424483162103,win,91.58203286860203,0.87,196.84873731527102,"[{""line"": 0.0, ""stake"": 52.6333522233345, ""outcome"": ""win"", ""pnl"": 45.791016434301014, ""total_return"": 98.42436865763551}, {""line"": 0.5, ""stake"": 52.6333522233345, ""outcome"": ""win"", ""pnl"": 45.791016434301014, ""total_return"": 98.42436865763551}]"
E0_2324_0160,2023-12-15 20:00:00+00:00,E0,NON_HKJC,logistic_regression,direct_cover,home,0.75,1.94,1.94,1.94,0.6920124807510302,0.5063613231552164,0.5063613231552164,0.5063613231552164,0.5063613231552164,0.5063613231552164,0.5063613231552164,0.18565115759581374,0.0,0.0,0.3840249615020603,106.18252477535502,fractional_kelly,fractional_kelly+max_stake_cap,0.364366183677658,0.01,10618.252477535501,10512.069952760146,0.03478817637530149,36.3679620461152,0.34250421265699843,lose,-106.18252477535502,-1.0,0.0,"[{""line"": 0.5, ""stake"": 53.09126238767751, ""outcome"": ""lose"", ""pnl"": -53.09126238767751, ""total_return"": 0.0}, {""line"": 1.0, ""stake"": 53.09126238767751, ""outcome"": ""lose"", ""pnl"": -53.09126238767751, ""total_return"": 0.0}]"
E0_2324_0161,2023-12-16 15:00:00+00:00,E0,NON_HKJC,logistic_regression,direct_cover,home,-1.75,1.93,1.93,1.93,0.6370430280902865,0.5089058524173028,0.5089058524173028,0.5089058524173028,0.5089058524173028,0.5089058524173028,0.5089058524173028,0.12813717567298366,0.0,0.0,0.2740860561805729,105.12069952760146,fractional_kelly,fractional_kelly+max_stake_cap,0.24676671420887408,0.01,10512.069952760146,10560.951078040482,0.03029994139544659,24.12446934452103,0.22949304421425287,half-win,48.88112528033467,0.4649999999999999,154.00182480793615,"[{""line"": -2.0, ""stake"": 52.56034976380073, ""outcome"": ""push"", ""pnl"": 0.0, ""total_return"": 52.56034976380073}, {""line"": -1.5, ""stake"": 52.56034976380073, ""outcome"": ""win"", ""pnl"": 48.88112528033467, ""total_return"": 101.4414750441354}]"
E0_2324_0164,2023-12-16 17:30:00+00:00,E0,NON_HKJC,logistic_regression,direct_cover,home,0.25,2.07,2.07,2.07,0.6985003005131544,0.4732824427480916,0.4732824427480916,0.4732824427480916,0.4732824427480916,0.4732824427480916,0.4732824427480916,0.22521785776506276,0.0,0.0,0.3970006010263087,105.60951078040482,fractional_kelly,fractional_kelly+max_stake_cap,0.4167248804319902,0.01,10560.951078040482,10455.341567260077,0.03999694198149213,47.09081850511633,0.44589562206222944,lose,-105.60951078040482,-1.0,0.0,"[{""line"": 0.0, ""stake"": 52.80475539020241, ""outcome"": ""lose"", ""pnl"": -52.80475539020241, ""total_return"": 0.0}, {""line"": 0.5, ""stake"": 52.80475539020241, ""outcome"": ""lose"", ""pnl"": -52.80475539020241, ""total_return"": 0.0}]"
E0_2324_0165,2023-12-17 14:00:00+00:00,E0,NON_HKJC,logistic_regression,direct_cover,away,-1.25,1.85,1.85,1.85,0.5608068630102006,0.5292620865139949,0.5292620865139949,0.5292620865139949,0.5292620865139949,0.5292620865139949,0.5292620865139949,0.031544776496205684,0.0,0.0,0.1216137260204011,69.17628510091531,fractional_kelly,fractional_kelly,0.04410905478690712,0.006616358218036068,10455.341567260077,10386.165282159162,0.046348666103752635,2.5936054670503346,0.037492696568871074,lose,-69.17628510091531,-1.0,0.0,"[{""line"": -1.5, ""stake"": 34.588142550457654, ""outcome"": ""lose"", ""pnl"": -34.588142550457654, ""total_return"": 0.0}, {""line"": -1.0, ""stake"": 34.588142550457654, ""outcome"": ""lose"", ""pnl"": -34.588142550457654, ""total_return"": 0.0}]"
E0_2324_0168,2023-12-17 16:30:00+00:00,E0,NON_HKJC,logistic_regression,direct_cover,home,-1.5,1.8,1.8,1.8,0.6171938688887599,0.5263157894736842,0.5263157894736842,0.5263157894736842,0.5263157894736842,0.5263157894736842,0.5263157894736842,0.09087807941507575,0.0,0.0,0.2343877377775198,103.86165282159162,fractional_kelly,fractional_kelly+max_stake_cap,0.13868620499970985,0.01,10386.165282159162,10282.30362933757,0.055885179442715115,11.523342779859163,0.11094896399976793,lose,-103.86165282159162,-1.0,0.0,"[{""line"": -1.5, ""stake"": 103.86165282159162, ""outcome"": ""lose"", ""pnl"": -103.86165282159162, ""total_return"": 0.0}]"
E0_2324_0169,2023-12-21 20:00:00+00:00,E0,NON_HKJC,logistic_regression,direct_cover,home,0.25,1.98,1.98,1.98,0.5757263092518164,0.4923076923076923,0.4923076923076923,0.4923076923076923,0.4923076923076923,0.4923076923076923,0.4923076923076923,0.08341861694412417,0.0,0.0,0.1514526185036329,102.82303629337571,fractional_kelly,fractional_kelly+max_stake_cap,0.14279397175366995,0.01,10282.30362933757,10332.686917121324,0.05125901682198443,14.38885954530081,0.13993809231859652,half-win,50.3832877837541,0.49000000000000005,153.2063240771298,"[{""line"": 0.0, ""stake"": 51.411518146687854, ""outcome"": ""push"", ""pnl"": 0.0, ""total_return"": 51.411518146687854}, {""line"": 0.5, ""stake"": 51.411518146687854, ""outcome"": ""win"", ""pnl"": 50.3832877837541, ""total_return"": 101.79480593044195}]"
E0_2324_0171,2023-12-23 12:30:00+00:00,E0,NON_HKJC,logistic_regression,direct_cover,home,0.0,1.97,1.97,1.97,0.5769368827509532,0.4948717948717948,0.4948717948717948,0.4948717948717948,0.4948717948717948,0.4948717948717948,0.4948717948717948,0.08206508787915845,0.0,0.0,0.1538737655019064,103.32686917121325,fractional_kelly,fractional_kelly+max_stake_cap,0.14078933919523495,0.01,10332.686917121324,10432.913980217401,0.04205622928515762,14.11090198277578,0.1365656590193779,win,100.22706309607685,0.97,203.5539322672901,"[{""line"": 0.0, ""stake"": 103.32686917121325, ""outcome"": ""win"", ""pnl"": 100.22706309607685, ""total_return"": 203.5539322672901}]"
E0_2324_0172,2023-12-23 15:00:00+00:00,E0,NON_HKJC,logistic_regression,direct_cover,home,-0.75,1.9,1.9,1.9,0.6564447282294825,0.5128205128205129,0.5128205128205129,0.5128205128205129,0.5128205128205129,0.5128205128205129,0.5128205128205129,0.14362421540896964,0.0,0.0,0.312889456458965,104.32913980217401,fractional_kelly,fractional_kelly+max_stake_cap,0.2747166484844631,0.01,10432.913980217401,10328.584840415228,0.051635666992306026,25.794856463148214,0.2472449836360167,lose,-104.32913980217401,-1.0,0.0,"[{""line"": -1.0, ""stake"": 52.164569901087006, ""outcome"": ""lose"", ""pnl"": -52.164569901087006, ""total_return"": 0.0}, {""line"": -0.5, ""stake"": 52.164569901087006, ""outcome"": ""lose"", ""pnl"": -52.164569901087006, ""total_return"": 0.0}]"
E0_2324_0177,2023-12-24 13:00:00+00:00,E0,NON_HKJC,logistic_regression,direct_cover,home,0.5,1.91,1.91,1.91,0.6075695637497165,0.5102564102564103,0.5102564102564103,0.5102564102564103,0.5102564102564103,0.5102564102564103,0.5102564102564103,0.09731315349330616,0.0,0.0,0.2151391274994329,103.28584840415228,fractional_kelly,fractional_kelly+max_stake_cap,0.17632732611204233,0.01,10328.584840415228,10422.574962463006,0.043005551561936,16.573026901629312,0.16045786676195853,win,93.99012204777857,0.91,197.27597045193085,"[{""line"": 0.5, ""stake"": 103.28584840415228, ""outcome"": ""win"", ""pnl"": 93.99012204777857, ""total_return"": 197.27597045193085}]"
E0_2324_0179,2023-12-26 15:00:00+00:00,E0,NON_HKJC,logistic_regression,direct_cover,home,-0.25,1.95,1.95,1.95,0.6309529028467084,0.5,0.5,0.5,0.5,0.5,0.5,0.13095290284670835,0.0,0.0,0.2619058056934167,104.22574962463007,fractional_kelly,fractional_kelly+max_stake_cap,0.24248227426429608,0.01,10422.574962463006,10521.589424606405,0.033914104301774335,24.00925196558733,0.23035816055108127,win,99.01446214339857,0.9500000000000001,203.24021176802864,"[{""line"": -0.5, ""stake"": 52.112874812315034, ""outcome"": ""win"", ""pnl"": 49.50723107169929, ""total_return"": 101.62010588401432}, {""line"": 0.0, ""stake"": 52.112874812315034, ""outcome"": ""win"", ""pnl"": 49.50723107169929, ""total_return"": 101.62010588401432}]"
E0_2324_0181,2023-12-26 17:30:00+00:00,E0,NON_HKJC,logistic_regression,direct_cover,home,1.5,1.78,1.78,1.78,0.678570286705635,0.5328083989501312,0.5328083989501312,0.5328083989501312,0.5328083989501312,0.5328083989501312,0.5328083989501312,0.1457618877555038,0.0,0.0,0.35714057341127,105.21589424606405,fractional_kelly,fractional_kelly+max_stake_cap,0.26648091068721835,0.01,10521.589424606405,10416.37353036034,0.04357496325875664,21.869661307619744,0.20785511033603035,lose,-105.21589424606405,-1.0,0.0,"[{""line"": 1.5, ""stake"": 105.21589424606405, ""outcome"": ""lose"", ""pnl"": -105.21589424606405, ""total_return"": 0.0}]"
E0_2324_0183,2023-12-27 19:30:00+00:00,E0,NON_HKJC,logistic_regression,direct_cover,home,-0.5,1.98,1.98,1.98,0.5870176375749937,0.4923076923076923,0.4923076923076923,0.4923076923076923,0.4923076923076923,0.4923076923076923,0.4923076923076923,0.09470994526730142,0.0,0.0,0.1740352751499874,104.1637353036034,fractional_kelly,fractional_kelly+max_stake_cap,0.16560706367192604,0.01,10416.37353036034,10312.209795056737,0.05313921362616913,16.905245337834906,0.16229492239848747,lose,-104.1637353036034,-1.0,0.0,"[{""line"": -0.5, ""stake"": 104.1637353036034, ""outcome"": ""lose"", ""pnl"": -104.1637353036034, ""total_return"": 0.0}]"
E0_2324_0185,2023-12-27 20:15:00+00:00,E0,NON_HKJC,logistic_regression,direct_cover,home,1.0,1.89,1.89,1.89,0.6643723784207168,0.5153846153846154,0.5153846153846154,0.5153846153846154,0.5153846153846154,0.5153846153846154,0.5153846153846154,0.1489877630361014,0.0,0.0,0.3287447568414336,103.12209795056737,fractional_kelly,fractional_kelly+max_stake_cap,0.287262691252983,0.01,10312.209795056737,10209.08769710617,0.0626078214899074,26.36458693259099,0.2556637952151548,lose,-103.12209795056737,-1.0,0.0,"[{""line"": 1.0, ""stake"": 103.12209795056737, ""outcome"": ""lose"", ""pnl"": -103.12209795056737, ""total_return"": 0.0}]"
E0_2324_0186,2023-12-28 19:30:00+00:00,E0,NON_HKJC,logistic_regression,direct_cover,home,0.0,1.95,1.95,1.95,0.6068546987321851,0.5,0.5,0.5,0.5,0.5,0.5,0.10685469873218512,0.0,0.0,0.2137093974643702,102.0908769710617,fractional_kelly,fractional_kelly+max_stake_cap,0.19301753950290623,0.01,10209.08769710617,10306.074030228678,0.05370259579406159,18.72006338471583,0.1833666625277609,win,96.98633312250863,0.9500000000000001,199.07721009357033,"[{""line"": 0.0, ""stake"": 102.0908769710617, ""outcome"": ""win"", ""pnl"": 96.98633312250863, ""total_return"": 199.07721009357033}]"
E0_2324_0187,2023-12-28 20:15:00+00:00,E0,NON_HKJC,logistic_regression,direct_cover,home,-1.5,2.03,2.03,2.03,0.5597436671522628,0.4794871794871795,0.4794871794871795,0.4794871794871795,0.4794871794871795,0.4794871794871795,0.4794871794871795,0.08025648766508325,0.0,0.0,0.1194873343045255,103.06074030228677,fractional_kelly,fractional_kelly+max_stake_cap,0.13231033429038191,0.01,10306.074030228678,10203.013289926392,0.0631655698361209,14.045081031658093,0.13627964431909337,lose,-103.06074030228677,-1.0,0.0,"[{""line"": -1.5, ""stake"": 103.06074030228677, ""outcome"": ""lose"", ""pnl"": -103.06074030228677, ""total_return"": 0.0}]"
E0_2324_0188,2023-12-30 12:30:00+00:00,E0,NON_HKJC,logistic_regression,direct_cover,home,1.0,2.03,2.03,2.03,0.572120037797302,0.4794871794871795,0.4794871794871795,0.4794871794871795,0.4794871794871795,0.4794871794871795,0.4794871794871795,0.09263285831012252,0.0,0.0,0.144240075594604,102.03013289926392,fractional_kelly,fractional_kelly+max_stake_cap,0.1567025987655563,0.01,10203.013289926392,10203.013289926392,0.0631655698361209,16.468038587041022,0.1614036767285229,push,0.0,0.0,102.03013289926392,"[{""line"": 1.0, ""stake"": 102.03013289926392, ""outcome"": ""push"", ""pnl"": 0.0, ""total_return"": 102.03013289926392}]"
E0_2324_0190,2023-12-30 15:00:00+00:00,E0,NON_HKJC,logistic_regression,direct_cover,home,-0.25,1.9,1.9,1.9,0.5703852854887658,0.5128205128205129,0.5128205128205129,0.5128205128205129,0.5128205128205129,0.5128205128205129,0.5128205128205129,0.057564772668252884,0.0,0.0,0.1407705709775315,102.03013289926392,fractional_kelly,fractional_kelly+max_stake_cap,0.09303560269850551,0.01,10203.013289926392,10294.84040953573,0.054734059964646,8.543191416922468,0.08373204242865494,win,91.82711960933753,0.9,193.85725250860145,"[{""line"": -0.5, ""stake"": 51.01506644963196, ""outcome"": ""win"", ""pnl"": 45.913559804668765, ""total_return"": 96.92862625430072}, {""line"": 0.0, ""stake"": 51.01506644963196, ""outcome"": ""win"", ""pnl"": 45.913559804668765, ""total_return"": 96.92862625430072}]"
E0_2324_0194,2023-12-31 14:00:00+00:00,E0,NON_HKJC,logistic_regression,direct_cover,home,1.0,1.91,1.91,1.91,0.5756073074419407,0.5102564102564103,0.5102564102564103,0.5102564102564103,0.5102564102564103,0.5102564102564103,0.5102564102564103,0.06535089718553033,0.0,0.0,0.1512146148838813,102.94840409535729,fractional_kelly,fractional_kelly+max_stake_cap,0.10924171122429299,0.01,10294.84040953573,10388.523457262505,0.04613213991032421,10.234096446380022,0.09940995721410657,win,93.68304772677513,0.9099999999999999,196.63145182213242,"[{""line"": 1.0, ""stake"": 102.94840409535729, ""outcome"": ""win"", ""pnl"": 93.68304772677513, ""total_return"": 196.63145182213242}]"
E0_2324_0198,2024-01-12 19:45:00+00:00,E0,NON_HKJC,logistic_regression,direct_cover,home,-0.5,2.06,2.06,2.06,0.6715881386587682,0.4717948717948718,0.4717948717948718,0.4717948717948718,0.4717948717948718,0.4717948717948718,0.4717948717948718,0.19979326686389642,0.0,0.0,0.3431762773175364,103.88523457262505,fractional_kelly,fractional_kelly+max_stake_cap,0.3617656279594929,0.01,10388.523457262505,10284.63822268988,0.055670818511220924,39.837033548138024,0.38347156563706253,lose,-103.88523457262505,-1.0,0.0,"[{""line"": -0.5, ""stake"": 103.88523457262505, ""outcome"": ""lose"", ""pnl"": -103.88523457262505, ""total_return"": 0.0}]"
E0_2324_0199,2024-01-13 12:30:00+00:00,E0,NON_HKJC,logistic_regression,direct_cover,home,-1.0,2.08,2.08,2.08,0.6003453682814178,0.4666666666666667,0.4666666666666667,0.4666666666666667,0.4666666666666667,0.4666666666666667,0.4666666666666667,0.13367870161475115,0.0,0.0,0.2006907365628356,102.84638222689881,fractional_kelly,fractional_kelly+max_stake_cap,0.23029478335680473,0.01,10284.63822268988,10284.63822268988,0.055670818511220924,25.579784139092787,0.2487183660253492,push,0.0,0.0,102.84638222689881,"[{""line"": -1.0, ""stake"": 102.84638222689881, ""outcome"": ""push"", ""pnl"": 0.0, ""total_return"": 102.84638222689881}]"
E0_2324_0200,2024-01-13 17:30:00+00:00,E0,NON_HKJC,logistic_regression,direct_cover,home,1.0,1.92,1.92,1.92,0.5967156222331079,0.5076923076923077,0.5076923076923077,0.5076923076923077,0.5076923076923077,0.5076923076923077,0.5076923076923077,0.08902331454080026,0.0,0.0,0.1934312444662158,102.84638222689881,fractional_kelly,fractional_kelly+max_stake_cap,0.15836303770387736,0.01,10284.63822268988,10284.63822268988,0.055670818511220924,14.984100265801295,0.14569399468756714,push,0.0,0.0,102.84638222689881,"[{""line"": 1.0, ""stake"": 102.84638222689881, ""outcome"": ""push"", ""pnl"": 0.0, ""total_return"": 102.84638222689881}]"
E0_2324_0201,2024-01-14 14:00:00+00:00,E0,NON_HKJC,logistic_regression,direct_cover,home,0.25,1.73,1.73,1.73,0.6260959761378564,0.5459317585301837,0.5459317585301837,0.5459317585301837,0.5459317585301837,0.5459317585301837,0.5459317585301837,0.08016421760767267,0.0,0.0,0.2521919522757128,102.84638222689881,fractional_kelly,fractional_kelly+max_stake_cap,0.11389868317601579,0.01,10284.63822268988,10322.1771522027,0.0522240169987868,8.551269278694505,0.08314603871849151,half-win,37.53892951281807,0.36500000000000005,140.38531173971688,"[{""line"": 0.0, ""stake"": 51.423191113449406, ""outcome"": ""push"", ""pnl"": 0.0, ""total_return"": 51.423191113449406}, {""line"": 0.5, ""stake"": 51.423191113449406, ""outcome"": ""win"", ""pnl"": 37.53892951281807, ""total_return"": 88.96212062626748}]"
E0_2324_0202,2024-01-14 16:30:00+00:00,E0,NON_HKJC,logistic_regression,direct_cover,home,-0.25,1.95,1.95,1.95,0.5632270788693775,0.5,0.5,0.5,0.5,0.5,0.5,0.0632270788693775,0.0,0.0,0.126454157738755,103.221771522027,fractional_kelly,fractional_kelly+max_stake_cap,0.10346610925819595,0.01,10322.1771522027,10270.566266441685,0.05696289691379294,10.145957335616458,0.09829280379528618,half-lose,-51.6108857610135,-0.5,51.6108857610135,"[{""line"": -0.5, ""stake"": 51.6108857610135, ""outcome"": ""lose"", ""pnl"": -51.6108857610135, ""total_return"": 0.0}, {""line"": 0.0, ""stake"": 51.6108857610135, ""outcome"": ""push"", ""pnl"": 0.0, ""total_return"": 51.6108857610135}]"
E0_2324_0204,2024-01-20 17:30:00+00:00,E0,NON_HKJC,logistic_regression,direct_cover,home,-0.5,1.89,1.89,1.89,0.5746365717335498,0.5153846153846154,0.5153846153846154,0.5153846153846154,0.5153846153846154,0.5153846153846154,0.5153846153846154,0.05925195634893432,0.0,0.0,0.1492731434670995,102.70566266441685,fractional_kelly,fractional_kelly+max_stake_cap,0.09670013547911122,0.01,10270.566266441685,10361.974306213016,0.04856986669632566,8.839169829767691,0.08606312057640896,win,91.40803977133098,0.8899999999999998,194.11370243574783,"[{""line"": -0.5, ""stake"": 102.70566266441685, ""outcome"": ""win"", ""pnl"": 91.40803977133098, ""total_return"": 194.11370243574783}]"
E0_2324_0205,2024-01-21 14:00:00+00:00,E0,NON_HKJC,logistic_regression,direct_cover,home,0.25,2.02,2.02,2.02,0.5612047376563062,0.482051282051282,0.482051282051282,0.482051282051282,0.482051282051282,0.482051282051282,0.482051282051282,0.07915345560502418,0.0,0.0,0.1224094753126123,103.61974306213017,fractional_kelly,fractional_kelly+max_stake_cap,0.13101330398601815,0.01,10361.974306213016,10414.820375174702,0.04371757301647696,13.847076194686991,0.13363357006573848,half-win,52.846068961686385,0.51,156.46581202381657,"[{""line"": 0.0, ""stake"": 51.809871531065085, ""outcome"": ""push"", ""pnl"": 0.0, ""total_return"": 51.809871531065085}, {""line"": 0.5, ""stake"": 51.809871531065085, ""outcome"": ""win"", ""pnl"": 52.846068961686385, ""total_return"": 104.65594049275147}]"
E0_2324_0206,2024-01-21 16:30:00+00:00,E0,NON_HKJC,logistic_regression,direct_cover,home,0.75,1.99,1.99,1.99,0.5912048739286185,0.4897435897435898,0.4897435897435898,0.4897435897435898,0.4897435897435898,0.4897435897435898,0.4897435897435898,0.10146128418502876,0.0,0.0,0.182409747857237,104.14820375174702,fractional_kelly,fractional_kelly+max_stake_cap,0.17828050415954635,0.01,10414.820375174702,10310.672171422955,0.0532803972863122,18.38191832945089,0.1764976991179509,lose,-104.14820375174702,-1.0,0.0,"[{""line"": 0.5, ""stake"": 52.07410187587351, ""outcome"": ""lose"", ""pnl"": -52.07410187587351, ""total_return"": 0.0}, {""line"": 1.0, ""stake"": 52.07410187587351, ""outcome"": ""lose"", ""pnl"": -52.07410187587351, ""total_return"": 0.0}]"
E0_2324_0207,2024-01-22 19:45:00+00:00,E0,NON_HKJC,logistic_regression,direct_cover,home,-1.0,2.05,2.05,2.05,0.5500091808186492,0.4605263157894737,0.4605263157894737,0.4605263157894737,0.4605263157894737,0.4605263157894737,0.4605263157894737,0.08948286502917557,0.0,0.0,0.1000183616372984,103.10672171422955,fractional_kelly,fractional_kelly+max_stake_cap,0.12144649588402939,0.01,10310.672171422955,10207.565449708725,0.06274759331344912,13.148047556997085,0.1275188206782308,lose,-103.10672171422955,-1.0,0.0,"[{""line"": -1.0, ""stake"": 103.10672171422955, ""outcome"": ""lose"", ""pnl"": -103.10672171422955, ""total_return"": 0.0}]"
E0_2324_0208,2024-01-30 19:30:00+00:00,E0,NON_HKJC,logistic_regression,direct_cover,home,1.25,2.05,2.05,2.05,0.6166078822611113,0.4783715012722647,0.4783715012722647,0.4783715012722647,0.4783715012722647,0.4783715012722647,0.4783715012722647,0.1382363809888466,0.0,0.0,0.2332157645222226,102.07565449708726,fractional_kelly,fractional_kelly+max_stake_cap,0.25147253203359815,0.01,10207.565449708725,10261.155168319696,0.05782701817834475,26.952684460137732,0.264046158635278,half-win,53.5897186109708,0.5249999999999999,155.66537310805805,"[{""line"": 1.0, ""stake"": 51.03782724854363, ""outcome"": ""push"", ""pnl"": 0.0, ""total_return"": 51.03782724854363}, {""line"": 1.5, ""stake"": 51.03782724854363, ""outcome"": ""win"", ""pnl"": 53.5897186109708, ""total_return"": 104.62754585951443}]"
E0_2324_0210,2024-01-30 19:45:00+00:00,E0,NON_HKJC,logistic_regression,direct_cover,home,0.75,1.91,1.91,1.91,0.5618309398501548,0.5139949109414759,0.5139949109414759,0.5139949109414759,0.5139949109414759,0.5139949109414759,0.5139949109414759,0.047836028908678885,0.0,0.0,0.1236618797003095,102.61155168319696,fractional_kelly,fractional_kelly+max_stake_cap,0.08032647814702812,0.01,10261.155168319696,10354.531680351405,0.04925324404376768,7.500606353160805,0.07309709511379564,win,93.37651203170923,0.9099999999999999,195.9880637149062,"[{""line"": 0.5, ""stake"": 51.30577584159848, ""outcome"": ""win"", ""pnl"": 46.68825601585461, ""total_return"": 97.9940318574531}, {""line"": 1.0, ""stake"": 51.30577584159848, ""outcome"": ""win"", ""pnl"": 46.68825601585461, ""total_return"": 97.9940318574531}]"
E0_2324_0211,2024-01-30 20:00:00+00:00,E0,NON_HKJC,logistic_regression,direct_cover,home,-0.75,1.85,1.85,1.85,0.6051541517525943,0.5292620865139949,0.5292620865139949,0.5292620865139949,0.5292620865139949,0.5292620865139949,0.5292620865139949,0.07589206523859948,0.0,0.0,0.2103083035051887,103.54531680351405,fractional_kelly,fractional_kelly+max_stake_cap,0.14062962440270543,0.01,10354.531680351405,10398.538439992899,0.04521257033095366,12.377308159126727,0.11953518074229963,half-win,44.006759641493474,0.425,147.55207644500751,"[{""line"": -1.0, ""stake"": 51.77265840175703, ""outcome"": ""push"", ""pnl"": 0.0, ""total_return"": 51.77265840175703}, {""line"": -0.5, ""stake"": 51.77265840175703, ""outcome"": ""win"", ""pnl"": 44.006759641493474, ""total_return"": 95.7794180432505}]"
E0_2324_0213,2024-01-31 19:30:00+00:00,E0,NON_HKJC,logistic_regression,direct_cover,home,-2.5,1.89,1.89,1.89,0.5763011632107379,0.5153846153846154,0.5153846153846154,0.5153846153846154,0.5153846153846154,0.5153846153846154,0.5153846153846154,0.060916547826122436,0.0,0.0,0.1526023264214757,103.98538439992899,fractional_kelly,fractional_kelly+max_stake_cap,0.10023505445875794,0.01,10398.538439992899,10294.553055592969,0.05476044462764421,9.276452794735171,0.0892091984682946,lose,-103.98538439992899,-1.0,0.0,"[{""line"": -2.5, ""stake"": 103.98538439992899, ""outcome"": ""lose"", ""pnl"": -103.98538439992899, ""total_return"": 0.0}]"
E0_2324_0216,2024-02-01 19:30:00+00:00,E0,NON_HKJC,logistic_regression,direct_cover,home,-0.25,2.08,2.08,2.08,0.5610567061369935,0.4540682414698162,0.4540682414698162,0.4540682414698162,0.4540682414698162,0.4540682414698162,0.4540682414698162,0.10698846466717732,0.0,0.0,0.122113412273987,102.9455305559297,fractional_kelly,fractional_kelly+max_stake_cap,0.15462773033791347,0.01,10294.553055592969,10243.080290315003,0.05948664240450607,17.191692437359393,0.1669979487649466,half-lose,-51.47276527796485,-0.5,51.47276527796485,"[{""line"": -0.5, ""stake"": 51.47276527796485, ""outcome"": ""lose"", ""pnl"": -51.47276527796485, ""total_return"": 0.0}, {""line"": 0.0, ""stake"": 51.47276527796485, ""outcome"": ""push"", ""pnl"": 0.0, ""total_return"": 51.47276527796485}]"
E0_2324_0217,2024-02-01 20:15:00+00:00,E0,NON_HKJC,logistic_regression,direct_cover,home,0.0,2.0,2.0,2.0,0.5603109528857936,0.4871794871794872,0.4871794871794872,0.4871794871794872,0.4871794871794872,0.4871794871794872,0.4871794871794872,0.07313146570630635,0.0,0.0,0.1206219057715871,102.43080290315004,fractional_kelly,fractional_kelly+max_stake_cap,0.12062190577158716,0.01,10243.080290315003,10140.649487411853,0.06889177598046108,12.355398655891776,0.12062190577158712,lose,-102.43080290315004,-1.0,0.0,"[{""line"": 0.0, ""stake"": 102.43080290315004, ""outcome"": ""lose"", ""pnl"": -102.43080290315004, ""total_return"": 0.0}]"
E0_2324_0218,2024-02-03 12:30:00+00:00,E0,NON_HKJC,logistic_regression,direct_cover,home,0.25,1.89,1.89,1.89,0.6090732328597421,0.5190839694656489,0.5190839694656489,0.5190839694656489,0.5190839694656489,0.5190839694656489,0.5190839694656489,0.08998926339409319,0.0,0.0,0.2181464657194842,101.40649487411852,fractional_kelly,fractional_kelly+max_stake_cap,0.16982967427518264,0.01,10140.649487411853,10185.775377630835,0.0647483443835742,15.327430474534978,0.15114841010491253,half-win,45.12589021898273,0.4449999999999999,146.53238509310125,"[{""line"": 0.0, ""stake"": 50.70324743705926, ""outcome"": ""push"", ""pnl"": 0.0, ""total_return"": 50.70324743705926}, {""line"": 0.5, ""stake"": 50.70324743705926, ""outcome"": ""win"", ""pnl"": 45.12589021898273, ""total_return"": 95.829137656042}]"
E0_2324_0219,2024-02-03 15:00:00+00:00,E0,NON_HKJC,logistic_regression,direct_cover,home,-0.75,1.94,1.94,1.94,0.5683812202676617,0.5063613231552164,0.5063613231552164,0.5063613231552164,0.5063613231552164,0.5063613231552164,0.5063613231552164,0.062019897112445266,0.0,0.0,0.1367624405353233,101.85775377630834,fractional_kelly,fractional_kelly+max_stake_cap,0.1092123056587911,0.01,10185.775377630835,10281.521666180564,0.055956978820779796,10.45667293078791,0.10265956731926368,win,95.74628854972984,0.94,197.60404232603818,"[{""line"": -1.0, ""stake"": 50.92887688815417, ""outcome"": ""win"", ""pnl"": 47.87314427486492, ""total_return"": 98.80202116301909}, {""line"": -0.5, ""stake"": 50.92887688815417, ""outcome"": ""win"", ""pnl"": 47.87314427486492, ""total_return"": 98.80202116301909}]"
E0_2324_0222,2024-02-03 17:30:00+00:00,E0,NON_HKJC,logistic_regression,direct_cover,home,1.0,1.83,1.83,1.83,0.6550213824333315,0.5343511450381679,0.5343511450381679,0.5343511450381679,0.5343511450381679,0.5343511450381679,0.5343511450381679,0.12067023739516358,0.0,0.0,0.310042764866663,102.81521666180565,fractional_kelly,fractional_kelly+max_stake_cap,0.23938449379879118,0.01,10281.521666180564,10178.706449518759,0.06539740903257199,20.428265934181496,0.19868912985299675,lose,-102.81521666180565,-1.0,0.0,"[{""line"": 1.0, ""stake"": 102.81521666180565, ""outcome"": ""lose"", ""pnl"": -102.81521666180565, ""total_return"": 0.0}]"
E0_2324_0223,2024-02-04 14:00:00+00:00,E0,NON_HKJC,logistic_regression,direct_cover,home,-0.75,1.92,1.92,1.92,0.5921384922609169,0.5114503816793893,0.5114503816793893,0.5114503816793893,0.5114503816793893,0.5114503816793893,0.5114503816793893,0.08068811058152758,0.0,0.0,0.1842769845218337,101.7870644951876,fractional_kelly,fractional_kelly+max_stake_cap,0.1488107664575656,0.01,10178.706449518759,10076.919385023572,0.07474343494224624,13.935250196354964,0.13690590514096032,lose,-101.7870644951876,-1.0,0.0,"[{""line"": -1.0, ""stake"": 50.8935322475938, ""outcome"": ""lose"", ""pnl"": -50.8935322475938, ""total_return"": 0.0}, {""line"": -0.5, ""stake"": 50.8935322475938, ""outcome"": ""lose"", ""pnl"": -50.8935322475938, ""total_return"": 0.0}]"
E0_2324_0226,2024-02-04 16:30:00+00:00,E0,NON_HKJC,logistic_regression,direct_cover,home,-0.25,1.95,1.95,1.95,0.5796314069689155,0.5038167938931298,0.5038167938931298,0.5038167938931298,0.5038167938931298,0.5038167938931298,0.5038167938931298,0.07581461307578563,0.0,0.0,0.1592628139378309,100.76919385023572,fractional_kelly,fractional_kelly+max_stake_cap,0.13713815114672115,0.01,10076.919385023572,10172.650119181295,0.06595349757419763,13.128335890308527,0.1302812435893851,win,95.73073415772393,0.95,196.49992800795965,"[{""line"": -0.5, ""stake"": 50.38459692511786, ""outcome"": ""win"", ""pnl"": 47.865367078861965, ""total_return"": 98.24996400397983}, {""line"": 0.0, ""stake"": 50.38459692511786, ""outcome"": ""win"", ""pnl"": 47.865367078861965, ""total_return"": 98.24996400397983}]"
E0_2324_0227,2024-02-05 20:00:00+00:00,E0,NON_HKJC,logistic_regression,direct_cover,home,1.25,1.99,1.99,1.99,0.5789592590515098,0.4936386768447837,0.4936386768447837,0.4936386768447837,0.4936386768447837,0.4936386768447837,0.4936386768447837,0.08532058220672611,0.0,0.0,0.1579185181030196,101.72650119181296,fractional_kelly,fractional_kelly+max_stake_cap,0.15366558132576208,0.01,10172.650119181295,10070.923617989481,0.0752939625984557,15.475543322457007,0.15212892551250443,lose,-101.72650119181296,-1.0,0.0,"[{""line"": 1.0, ""stake"": 50.86325059590648, ""outcome"": ""lose"", ""pnl"": -50.86325059590648, ""total_return"": 0.0}, {""line"": 1.5, ""stake"": 50.86325059590648, ""outcome"": ""lose"", ""pnl"": -50.86325059590648, ""total_return"": 0.0}]"
E0_2324_0230,2024-02-10 15:00:00+00:00,E0,NON_HKJC,logistic_regression,direct_cover,home,-2.25,2.03,2.03,2.03,0.5616370373540756,0.4834605597964376,0.4834605597964376,0.4834605597964376,0.4834605597964376,0.4834605597964376,0.4834605597964376,0.07817647755763796,0.0,0.0,0.1232740747081511,100.70923617989482,fractional_kelly,fractional_kelly+max_stake_cap,0.13604192798910028,0.01,10070.923617989481,10020.568999899535,0.07991749278546334,14.111699015909217,0.14012318582877326,half-lose,-50.35461808994741,-0.5,50.35461808994741,"[{""line"": -2.5, ""stake"": 50.35461808994741, ""outcome"": ""lose"", ""pnl"": -50.35461808994741, ""total_return"": 0.0}, {""line"": -2.0, ""stake"": 50.35461808994741, ""outcome"": ""push"", ""pnl"": 0.0, ""total_return"": 50.35461808994741}]"
E0_2324_0234,2024-02-10 17:30:00+00:00,E0,NON_HKJC,logistic_regression,direct_cover,home,0.25,2.07,2.07,2.07,0.5574085735536319,0.4732824427480916,0.4732824427480916,0.4732824427480916,0.4732824427480916,0.4732824427480916,0.4732824427480916,0.08412613080554032,0.0,0.0,0.1148171471072638,100.20568999899535,fractional_kelly,fractional_kelly+max_stake_cap,0.1437717264074935,0.01,10020.568999899535,9920.36330990054,0.08911831785760865,15.41521720030034,0.153835747256018,lose,-100.20568999899535,-1.0,0.0,"[{""line"": 0.0, ""stake"": 50.10284499949768, ""outcome"": ""lose"", ""pnl"": -50.10284499949768, ""total_return"": 0.0}, {""line"": 0.5, ""stake"": 50.10284499949768, ""outcome"": ""lose"", ""pnl"": -50.10284499949768, ""total_return"": 0.0}]"
E0_2324_0238,2024-02-17 12:30:00+00:00,E0,NON_HKJC,logistic_regression,direct_cover,home,1.0,1.91,1.91,1.91,0.5901787465241927,0.5102564102564103,0.5102564102564103,0.5102564102564103,0.5102564102564103,0.5102564102564103,0.5102564102564103,0.07992233626778233,0.0,0.0,0.1803574930483853,99.2036330990054,fractional_kelly,fractional_kelly+max_stake_cap,0.13982572072660213,0.01,9920.36330990054,9821.159676801535,0.09822713467903253,12.622809742056901,0.12724140586120788,lose,-99.2036330990054,-1.0,0.0,"[{""line"": 1.0, ""stake"": 99.2036330990054, ""outcome"": ""lose"", ""pnl"": -99.2036330990054, ""total_return"": 0.0}]"
E0_2324_0241,2024-02-17 15:00:00+00:00,E0,NON_HKJC,logistic_regression,direct_cover,home,-0.5,1.85,1.85,1.85,0.552692563200071,0.5256410256410255,0.5256410256410255,0.5256410256410255,0.5256410256410255,0.5256410256410255,0.5256410256410255,0.027051537559045435,0.0,0.0,0.1053851264001419,38.96327058183781,fractional_kelly,fractional_kelly,0.026448519906036874,0.003967277985905531,9821.159676801535,9782.196406219697,0.10180471831590743,0.8759427119498326,0.022481241920131345,lose,-38.96327058183781,-1.0,0.0,"[{""line"": -0.5, ""stake"": 38.96327058183781, ""outcome"": ""lose"", ""pnl"": -38.96327058183781, ""total_return"": 0.0}]"
E0_2324_0244,2024-02-17 17:30:00+00:00,E0,NON_HKJC,logistic_regression,direct_cover,away,-1.5,1.92,1.92,1.92,0.5543671634579088,0.5076923076923077,0.5076923076923077,0.5076923076923077,0.5076923076923077,0.5076923076923077,0.5076923076923077,0.04667485576560115,0.0,0.0,0.1087343269158176,97.82196406219697,fractional_kelly,fractional_kelly+max_stake_cap,0.06998364547737485,0.01,9782.196406219697,9684.3744421575,0.11078667113274838,6.298262640602957,0.06438495383918491,lose,-97.82196406219697,-1.0,0.0,"[{""line"": -1.5, ""stake"": 97.82196406219697, ""outcome"": ""lose"", ""pnl"": -97.82196406219697, ""total_return"": 0.0}]"
E0_2324_0247,2024-02-19 20:00:00+00:00,E0,NON_HKJC,logistic_regression,direct_cover,away,-0.75,1.98,1.98,1.98,0.5669590421014259,0.4923076923076923,0.4923076923076923,0.4923076923076923,0.4923076923076923,0.4923076923076923,0.4923076923076923,0.07465134979373361,0.0,0.0,0.1339180842028517,96.843744421575,fractional_kelly,fractional_kelly+max_stake_cap,0.1250805136334931,0.01,9684.3744421575,9587.530697735925,0.11967880442142083,11.870999988552505,0.12257890336082322,lose,-96.843744421575,-1.0,0.0,"[{""line"": -1.0, ""stake"": 48.4218722107875, ""outcome"": ""lose"", ""pnl"": -48.4218722107875, ""total_return"": 0.0}, {""line"": -0.5, ""stake"": 48.4218722107875, ""outcome"": ""lose"", ""pnl"": -48.4218722107875, ""total_return"": 0.0}]"
E0_2324_0259,2024-03-02 15:00:00+00:00,E0,NON_HKJC,logistic_regression,direct_cover,away,-0.25,2.08,2.08,2.08,0.5517886823462925,0.4666666666666667,0.4666666666666667,0.4666666666666667,0.4666666666666667,0.4666666666666667,0.4666666666666667,0.08512201567962585,0.0,0.0,0.103577364692585,95.87530697735926,fractional_kelly,fractional_kelly+max_stake_cap,0.1367782030373042,0.01,9587.530697735925,9691.076029271473,0.11017133550917217,14.16274438033416,0.1477204592802885,win,103.545331535548,1.08,199.42063851290726,"[{""line"": -0.5, ""stake"": 47.93765348867963, ""outcome"": ""win"", ""pnl"": 51.772665767774, ""total_return"": 99.71031925645363}, {""line"": 0.0, ""stake"": 47.93765348867963, ""outcome"": ""win"", ""pnl"": 51.772665767774, ""total_return"": 99.71031925645363}]"
E0_2324_0267,2024-03-04 20:00:00+00:00,E0,NON_HKJC,logistic_regression,direct_cover,away,2.0,1.85,1.85,1.85,0.5515973963572354,0.5256410256410255,0.5256410256410255,0.5256410256410255,0.5256410256410255,0.5256410256410255,0.5256410256410255,0.02595637071620982,0.0,0.0,0.1031947927144707,34.982247560103914,fractional_kelly,fractional_kelly,0.024064921483394664,0.003609738222509199,9691.076029271473,9720.810939697561,0.10744109424872984,0.7155682847195894,0.020455183260885478,win,29.734910426088334,0.8500000000000002,64.71715798619225,"[{""line"": 2.0, ""stake"": 34.982247560103914, ""outcome"": ""win"", ""pnl"": 29.734910426088334, ""total_return"": 64.71715798619225}]"
E0_2324_0269,2024-03-09 15:00:00+00:00,E0,NON_HKJC,logistic_regression,direct_cover,home,-1.5,2.01,2.01,2.01,0.5529185463006099,0.4885496183206107,0.4885496183206107,0.4885496183206107,0.4885496183206107,0.4885496183206107,0.4885496183206107,0.06436892797999916,0.0,0.0,0.1058370926012197,97.20810939697562,fractional_kelly,fractional_kelly+max_stake_cap,0.11026364164774827,0.01,9720.810939697561,9623.602830300586,0.11636668330624253,10.825705341201264,0.11136627806422576,lose,-97.20810939697562,-1.0,0.0,"[{""line"": -1.5, ""stake"": 97.20810939697562, ""outcome"": ""lose"", ""pnl"": -97.20810939697562, ""total_return"": 0.0}]"
E0_2324_0275,2024-03-10 14:00:00+00:00,E0,NON_HKJC,logistic_regression,direct_cover,home,-0.75,1.89,1.89,1.89,0.5507275465655788,0.5190839694656489,0.5190839694656489,0.5190839694656489,0.5190839694656489,0.5190839694656489,0.5190839694656489,0.03164357709992982,0.0,0.0,0.1014550931311575,66.29753461712136,fractional_kelly,fractional_kelly,0.045927037088700946,0.006889055563305141,9623.602830300586,9557.305295683465,0.12245408232253337,2.7099159048124726,0.04087506300894386,lose,-66.29753461712136,-1.0,0.0,"[{""line"": -1.0, ""stake"": 33.14876730856068, ""outcome"": ""lose"", ""pnl"": -33.14876730856068, ""total_return"": 0.0}, {""line"": -0.5, ""stake"": 33.14876730856068, ""outcome"": ""lose"", ""pnl"": -33.14876730856068, ""total_return"": 0.0}]"
E0_2324_0284,2024-03-30 15:00:00+00:00,E0,NON_HKJC,logistic_regression,direct_cover,home,-0.25,1.92,1.92,1.92,0.5830512479690104,0.5076923076923077,0.5076923076923077,0.5076923076923077,0.5076923076923077,0.5076923076923077,0.5076923076923077,0.07535894027670276,0.0,0.0,0.1661024959380208,95.57305295683466,fractional_kelly,fractional_kelly+max_stake_cap,0.12984608271793482,0.01,9557.305295683465,9645.232504403753,0.11438065987990066,11.41700361665162,0.11945839610050002,win,87.92720872028787,0.9199999999999998,183.50026167712252,"[{""line"": -0.5, ""stake"": 47.78652647841733, ""outcome"": ""win"", ""pnl"": 43.96360436014393, ""total_return"": 91.75013083856126}, {""line"": 0.0, ""stake"": 47.78652647841733, ""outcome"": ""win"", ""pnl"": 43.96360436014393, ""total_return"": 91.75013083856126}]"
E0_2324_0289,2024-03-30 17:30:00+00:00,E0,NON_HKJC,logistic_regression,direct_cover,home,-1.0,2.07,2.07,2.07,0.5570004464261975,0.4692307692307692,0.4692307692307692,0.4692307692307692,0.4692307692307692,0.4692307692307692,0.4692307692307692,0.08776967719542833,0.0,0.0,0.114000892852395,96.45232504403754,fractional_kelly,fractional_kelly+max_stake_cap,0.1429821720581577,0.01,9645.232504403753,9748.436492200874,0.1049045329406156,14.75633034029584,0.1529909241022287,win,103.20398779712013,1.0699999999999996,199.65631284115767,"[{""line"": -1.0, ""stake"": 96.45232504403754, ""outcome"": ""win"", ""pnl"": 103.20398779712013, ""total_return"": 199.65631284115767}]"
E0_2324_0301,2024-04-04 19:30:00+00:00,E0,NON_HKJC,logistic_regression,direct_cover,home,-2.75,1.86,1.86,1.86,0.5546727690511943,0.523076923076923,0.523076923076923,0.523076923076923,0.523076923076923,0.523076923076923,0.523076923076923,0.03159584597427134,0.0,0.0,0.1093455381023886,53.88507855869295,fractional_kelly,fractional_kelly,0.036850407482815734,0.00552756112242236,9748.436492200874,9694.55141364218,0.10985222784518953,1.7076909078329798,0.03169135043522152,lose,-53.88507855869295,-1.0,0.0,"[{""line"": -3.0, ""stake"": 26.942539279346477, ""outcome"": ""lose"", ""pnl"": -26.942539279346477, ""total_return"": 0.0}, {""line"": -2.5, ""stake"": 26.942539279346477, ""outcome"": ""lose"", ""pnl"": -26.942539279346477, ""total_return"": 0.0}]"
E0_2324_0308,2024-04-06 15:00:00+00:00,E0,NON_HKJC,logistic_regression,direct_cover,home,0.0,1.84,1.84,1.84,0.5514669929553523,0.5282051282051282,0.5282051282051282,0.5282051282051282,0.5282051282051282,0.5282051282051282,0.5282051282051282,0.02326186475022407,0.0,0.0,0.1029339859107045,25.446928578799202,fractional_kelly,fractional_kelly,0.017499127426009807,0.002624869113901471,9694.55141364218,9669.10448506338,0.11218874923912696,0.37405119847282187,0.014699267037848256,lose,-25.446928578799202,-1.0,0.0,"[{""line"": 0.0, ""stake"": 25.446928578799202, ""outcome"": ""lose"", ""pnl"": -25.446928578799202, ""total_return"": 0.0}]"
E0_2324_0315,2024-04-13 15:00:00+00:00,E0,NON_HKJC,logistic_regression,direct_cover,home,0.5,1.86,1.86,1.86,0.5613563913827513,0.523076923076923,0.523076923076923,0.523076923076923,0.523076923076923,0.523076923076923,0.523076923076923,0.03827946830582829,0.0,0.0,0.1227127827655025,74.412002438933,fractional_kelly,fractional_kelly,0.05130568368827608,0.0076958525532414114,9669.10448506338,9733.098807160863,0.10631282978549753,3.2832724473790904,0.04412288797191747,win,63.99432209748238,0.86,138.40632453641538,"[{""line"": 0.5, ""stake"": 74.412002438933, ""outcome"": ""win"", ""pnl"": 63.99432209748238, ""total_return"": 138.40632453641538}]"
E0_2324_0319,2024-04-14 14:00:00+00:00,E0,NON_HKJC,logistic_regression,direct_cover,home,-2.0,1.99,1.99,1.99,0.5545043302398982,0.4897435897435898,0.4897435897435898,0.4897435897435898,0.4897435897435898,0.4897435897435898,0.4897435897435898,0.06476074049630842,0.0,0.0,0.1090086604797964,97.33098807160863,fractional_kelly,fractional_kelly+max_stake_cap,0.10450870421959331,0.01,9733.098807160863,9635.767819089255,0.11524970148764248,10.07021608933875,0.10346361717739742,lose,-97.33098807160863,-1.0,0.0,"[{""line"": -2.0, ""stake"": 97.33098807160863, ""outcome"": ""lose"", ""pnl"": -97.33098807160863, ""total_return"": 0.0}]"
E0_2324_0321,2024-04-14 16:30:00+00:00,E0,NON_HKJC,logistic_regression,direct_cover,home,-1.75,2.04,2.04,2.04,0.5697426990484148,0.4769230769230769,0.4769230769230769,0.4769230769230769,0.4769230769230769,0.4769230769230769,0.4769230769230769,0.0928196221253379,0.0,0.0,0.1394853980968295,96.35767819089256,fractional_kelly,fractional_kelly+max_stake_cap,0.1560337558257367,0.01,9635.767819089255,9539.410140898362,0.12409720447276604,15.636452448003553,0.1622751060587662,lose,-96.35767819089256,-1.0,0.0,"[{""line"": -2.0, ""stake"": 48.17883909544628, ""outcome"": ""lose"", ""pnl"": -48.17883909544628, ""total_return"": 0.0}, {""line"": -1.5, ""stake"": 48.17883909544628, ""outcome"": ""lose"", ""pnl"": -48.17883909544628, ""total_return"": 0.0}]"
E0_2324_0322,2024-04-15 20:00:00+00:00,E0,NON_HKJC,logistic_regression,direct_cover,home,-0.75,1.92,1.92,1.92,0.5526378390560386,0.5076923076923077,0.5076923076923077,0.5076923076923077,0.5076923076923077,0.5076923076923077,0.5076923076923077,0.04494553136373092,0.0,0.0,0.1052756781120771,94.97620938284902,fractional_kelly,fractional_kelly,0.0663746206386892,0.00995619309580338,9539.410140898362,9626.788253530583,0.11607419969657676,5.799689078088335,0.061064650987594095,win,87.3781126322211,0.92,182.35432201507012,"[{""line"": -1.0, ""stake"": 47.48810469142451, ""outcome"": ""win"", ""pnl"": 43.68905631611055, ""total_return"": 91.17716100753506}, {""line"": -0.5, ""stake"": 47.48810469142451, ""outcome"": ""win"", ""pnl"": 43.68905631611055, ""total_return"": 91.17716100753506}]"
E0_2324_0339,2024-04-27 15:00:00+00:00,E0,NON_HKJC,logistic_regression,direct_cover,home,-2.0,2.04,2.04,2.04,0.557607028397897,0.4769230769230769,0.4769230769230769,0.4769230769230769,0.4769230769230769,0.4769230769230769,0.4769230769230769,0.0806839514748201,0.0,0.0,0.115214056795794,96.26788253530583,fractional_kelly,fractional_kelly+max_stake_cap,0.13222917108818255,0.01,9626.788253530583,9726.906851367301,0.10688137137342121,13.238599202460342,0.13751833793170992,win,100.11859783671807,1.04,196.3864803720239,"[{""line"": -2.0, ""stake"": 96.26788253530583, ""outcome"": ""win"", ""pnl"": 100.11859783671807, ""total_return"": 196.3864803720239}]"
E0_2324_0341,2024-04-27 17:30:00+00:00,E0,NON_HKJC,logistic_regression,direct_cover,home,-0.25,2.05,2.05,2.05,0.5621558665858845,0.4743589743589744,0.4743589743589744,0.4743589743589744,0.4743589743589744,0.4743589743589744,0.4743589743589744,0.08779689222691006,0.0,0.0,0.1243117331717689,97.269068513673,fractional_kelly,fractional_kelly+max_stake_cap,0.14516145381053627,0.01,9726.906851367301,9829.039373306658,0.09750362577284213,14.825705366053498,0.15241952650106302,win,102.13252193935665,1.05,199.40159045302966,"[{""line"": -0.5, ""stake"": 48.6345342568365, ""outcome"": ""win"", ""pnl"": 51.066260969678325, ""total_return"": 99.70079522651483}, {""line"": 0.0, ""stake"": 48.6345342568365, ""outcome"": ""win"", ""pnl"": 51.066260969678325, ""total_return"": 99.70079522651483}]"
E0_2324_0343,2024-04-28 14:00:00+00:00,E0,NON_HKJC,logistic_regression,direct_cover,home,-0.25,1.99,1.99,1.99,0.556342682751651,0.4897435897435898,0.4897435897435898,0.4897435897435898,0.4897435897435898,0.4897435897435898,0.4897435897435898,0.06659909300806122,0.0,0.0,0.1126853655033019,98.29039373306658,fractional_kelly,fractional_kelly+max_stake_cap,0.10820397846038934,0.01,9829.039373306658,9926.346863102393,0.08856891166799329,10.529057529892363,0.10712193867578543,win,97.30748979573592,0.99,195.5978835288025,"[{""line"": -0.5, ""stake"": 49.14519686653329, ""outcome"": ""win"", ""pnl"": 48.65374489786796, ""total_return"": 97.79894176440125}, {""line"": 0.0, ""stake"": 49.14519686653329, ""outcome"": ""win"", ""pnl"": 48.65374489786796, ""total_return"": 97.79894176440125}]"
E0_2324_0354,2024-05-05 14:00:00+00:00,E0,NON_HKJC,logistic_regression,direct_cover,home,-1.0,2.09,2.09,2.09,0.5880822082058411,0.4681933842239186,0.4681933842239186,0.4681933842239186,0.4681933842239186,0.4681933842239186,0.4681933842239186,0.11988882398192252,0.0,0.0,0.1761644164116822,99.26346863102394,fractional_kelly,fractional_kelly+max_stake_cap,0.21017597720202555,0.01,9926.346863102393,10034.54404391021,0.07863431280517441,22.740448206786986,0.2290918151502078,win,108.19718080781608,1.0899999999999999,207.46064943884002,"[{""line"": -1.0, ""stake"": 99.26346863102394, ""outcome"": ""win"", ""pnl"": 108.19718080781608, ""total_return"": 207.46064943884002}]"
E0_2324_0356,2024-05-06 20:00:00+00:00,E0,NON_HKJC,logistic_regression,direct_cover,home,-0.25,2.1,2.1,2.1,0.5849802161618446,0.4656488549618321,0.4656488549618321,0.4656488549618321,0.4656488549618321,0.4656488549618321,0.4656488549618321,0.11933136120001248,0.0,0.0,0.1699604323236891,100.34544043910209,fractional_kelly,fractional_kelly+max_stake_cap,0.20768950358170338,0.01,10034.54404391021,10144.924028393221,0.06849929024603138,22.924764182632956,0.2284584539398738,win,110.37998448301231,1.1,210.7254249221144,"[{""line"": -0.5, ""stake"": 50.172720219551046, ""outcome"": ""win"", ""pnl"": 55.189992241506154, ""total_return"": 105.3627124610572}, {""line"": 0.0, ""stake"": 50.172720219551046, ""outcome"": ""win"", ""pnl"": 55.189992241506154, ""total_return"": 105.3627124610572}]"
E0_2324_0358,2024-05-11 15:00:00+00:00,E0,NON_HKJC,logistic_regression,direct_cover,home,-0.5,1.98,1.98,1.98,0.6000070144427541,0.4923076923076923,0.4923076923076923,0.4923076923076923,0.4923076923076923,0.4923076923076923,0.4923076923076923,0.10769932213506178,0.0,0.0,0.2000140288855081,101.44924028393221,fractional_kelly,fractional_kelly+max_stake_cap,0.1918509067312786,0.01,10144.924028393221,10043.47478810929,0.077814297343571,19.07386616095831,0.18801388859665297,lose,-101.44924028393221,-1.0,0.0,"[{""line"": -0.5, ""stake"": 101.44924028393221, ""outcome"": ""lose"", ""pnl"": -101.44924028393221, ""total_return"": 0.0}]"
E0_2324_0373,2024-05-19 16:00:00+00:00,E0,NON_HKJC,logistic_regression,direct_cover,home,0.25,1.86,1.86,1.86,0.5534739859250376,0.523076923076923,0.523076923076923,0.523076923076923,0.523076923076923,0.523076923076923,0.523076923076923,0.03039706284811461,0.0,0.0,0.1069479718500752,51.60993760882098,fractional_kelly,fractional_kelly,0.034257690489034875,0.005138653573355231,10043.47478810929,9991.86485050047,0.0825530901998235,1.5205120511347943,0.029461613820569974,lose,-51.60993760882098,-1.0,0.0,"[{""line"": 0.0, ""stake"": 25.80496880441049, ""outcome"": ""lose"", ""pnl"": -25.80496880441049, ""total_return"": 0.0}, {""line"": 0.5, ""stake"": 25.80496880441049, ""outcome"": ""lose"", ""pnl"": -25.80496880441049, ""total_return"": 0.0}]"
