provider_match_id,source_market,market_id,competition,competition_ch,kickoff_time_utc,home_team_name,home_team_name_ch,away_team_name,away_team_name_ch,handicap_open_line,handicap_close_line,handicap_line_movement,missing_handicap_line_flag,odds_home_open,odds_away_open,odds_home_close,odds_away_close,implied_prob_home_open,implied_prob_away_open,implied_prob_home_close,implied_prob_away_close,missing_odds_flag,target_handicap_side,home_form_points_last5,home_form_points_last10,away_form_points_last5,away_form_points_last10,home_recent_home_form_last5,away_recent_away_form_last5,home_goals_scored_last5,home_goals_conceded_last5,home_goal_diff_last5,away_goals_scored_last5,away_goals_conceded_last5,away_goal_diff_last5,rest_days_home,rest_days_away,rest_days_diff,recent5_rest_days_diff,recent5_hdc_cover_rate_home,recent10_hdc_cover_rate_home,recent5_hdc_cover_rate_away,recent10_hdc_cover_rate_away,recent5_goal_diff_mean_home,recent10_goal_diff_mean_home,recent5_goal_diff_mean_away,recent10_goal_diff_mean_away,recent5_xg_diff_mean_home,recent5_xg_diff_mean_away,recent10_xg_diff_mean_home,recent10_xg_diff_mean_away,recent_hdc_cover_ewm_alpha_0p3_home,recent_hdc_cover_ewm_alpha_0p3_away,recent5_hdc_cover_advantage,recent10_hdc_cover_advantage,h2h_last5_hdc_cover_rate,h2h_last10_hdc_cover_rate,h2h_home_last5_hdc_cover_rate,h2h_last5_hdc_cover_mean,h2h_last10_hdc_cover_mean,h2h_last5_goal_diff_mean,h2h_last5_xg_diff_mean,h2h_sample_size_last5,h2h_sample_size_last10,elo_home_pre,elo_away_pre,elo_diff_pre,history_home_matches_count,history_away_matches_count,missing_home_history_flag,missing_away_history_flag,missing_home_ft_goals_flag,missing_away_ft_goals_flag,hk_line,consensus_line,hk_line_minus_consensus_line,hk_implied_prob,hk_implied_prob_side,consensus_implied_prob,consensus_implied_prob_side,hk_minus_consensus_prob,hk_off_market_flag,hk_off_market_direction,hk_off_market_agree_with_model_flag,home_cover_probability,away_cover_probability,predicted_side,model_probability,confidence_score,model_name,model_approach,market_feature_variant,original_predicted_side,effective_predicted_side,flip_hkjc_side_enabled,implied_probability,edge,expected_roi
50065082_HDC_1,HKJC_LIKE,ah_ft,Australian Division 1,澳洲職業聯賽,2026-04-04T06:00:00+00:00,Central Coast Mariners,中岸水手,Perth Glory,珀斯光輝,0.0,0.0,0.0,0,1.83,1.89,1.83,1.89,0.5080645161290323,0.49193548387096786,0.5080645161290323,0.49193548387096786,0,home,0.0,0.0,0.0,0.0,0.0,0.0,0.0,0.0,0.0,0.0,0.0,0.0,0.0,0.0,0.0,0.0,0.5,0.5,0.5,0.5,0.0,0.0,0.0,0.0,0.0,0.0,0.0,0.0,0.5,0.5,0.0,0.0,0.5,0.5,0.5,0.0,0.0,0.0,0.0,0,0,1500.0,1500.0,0.0,0.0,0.0,1,1,1,1,0.0,,,0.5080645161290323,0.5080645161290323,,,,0,0.0,0,0.4447206323875894,0.5552793676124106,away,0.5552793676124106,0.11055873522482118,logistic_regression,direct_cover,market,away,away,False,0.49193548387096786,0.06334388374144273,0.049478004787455954
50065082_HDC_2,HKJC_LIKE,ah_ft,Australian Division 1,澳洲職業聯賽,2026-04-04T06:00:00+00:00,Central Coast Mariners,中岸水手,Perth Glory,珀斯光輝,0.75,0.75,0.0,0,2.26,1.58,2.26,1.58,0.4114583333333333,0.5885416666666665,0.4114583333333333,0.5885416666666665,0,home,0.0,0.0,0.0,0.0,0.0,0.0,0.0,0.0,0.0,0.0,0.0,0.0,0.0,0.0,0.0,0.0,0.5,0.5,0.5,0.5,0.0,0.0,0.0,0.0,0.0,0.0,0.0,0.0,0.5,0.5,0.0,0.0,0.5,0.5,0.5,0.0,0.0,0.0,0.0,0,0,1500.0,1500.0,0.0,0.0,0.0,1,1,1,1,0.75,,,0.4114583333333333,0.4114583333333333,,,,0,0.0,0,0.419394019407663,0.5806059805923369,away,0.5806059805923369,0.16121196118467385,logistic_regression,direct_cover,market,away,away,False,0.5885416666666665,-0.007935686074329595,-0.08264255066410764
50065082_HDC_4,HKJC_LIKE,ah_ft,Australian Division 1,澳洲職業聯賽,2026-04-04T06:00:00+00:00,Central Coast Mariners,中岸水手,Perth Glory,珀斯光輝,1.0,1.0,0.0,0,1.001,14.5,1.001,14.5,0.9354235210631573,0.06457647893684278,0.9354235210631573,0.06457647893684278,0,home,0.0,0.0,0.0,0.0,0.0,0.0,0.0,0.0,0.0,0.0,0.0,0.0,0.0,0.0,0.0,0.0,0.5,0.5,0.5,0.5,0.0,0.0,0.0,0.0,0.0,0.0,0.0,0.0,0.5,0.5,0.0,0.0,0.5,0.5,0.5,0.0,0.0,0.0,0.0,0,0,1500.0,1500.0,0.0,0.0,0.0,1,1,1,1,1.0,,,0.9354235210631573,0.9354235210631573,,,,0,0.0,0,0.2600644751277174,0.7399355248722825,away,0.7399355248722825,0.47987104974456507,logistic_regression,direct_cover,market,away,away,False,0.06457647893684278,0.6753590459354397,9.729065110648097
50065082_HDC_3,HKJC_LIKE,ah_ft,Australian Division 1,澳洲職業聯賽,2026-04-04T06:00:00+00:00,Central Coast Mariners,中岸水手,Perth Glory,珀斯光輝,1.75,1.75,0.0,0,1.22,3.9,1.22,3.9,0.76171875,0.23828125000000003,0.76171875,0.23828125000000003,0,home,0.0,0.0,0.0,0.0,0.0,0.0,0.0,0.0,0.0,0.0,0.0,0.0,0.0,0.0,0.0,0.0,0.5,0.5,0.5,0.5,0.0,0.0,0.0,0.0,0.0,0.0,0.0,0.0,0.5,0.5,0.0,0.0,0.5,0.5,0.5,0.0,0.0,0.0,0.0,0,0,1500.0,1500.0,0.0,0.0,0.0,1,1,1,1,1.75,,,0.76171875,0.76171875,,,,0,0.0,0,0.32278714369242434,0.6772128563075757,away,0.6772128563075757,0.3544257126151513,logistic_regression,direct_cover,market,away,away,False,0.23828125000000003,0.43893160630757566,1.641130139599545
50065442_HDC_5,HKJC_LIKE,ah_ft,J1 100Y Vision League,日職百年構想聯賽,2026-04-04T06:00:00+00:00,Nagoya Grampus,名古屋鯨魚,Cerezo Osaka,大阪櫻花,-3.0,-3.0,0.0,0,1.9,1.82,1.9,1.82,0.489247311827957,0.510752688172043,0.489247311827957,0.510752688172043,0,home,0.0,0.0,0.0,0.0,0.0,0.0,0.0,0.0,0.0,0.0,0.0,0.0,0.0,0.0,0.0,0.0,0.5,0.5,0.5,0.5,0.0,0.0,0.0,0.0,0.0,0.0,0.0,0.0,0.5,0.5,0.0,0.0,0.5,0.5,0.5,0.0,0.0,0.0,0.0,0,0,1500.0,1500.0,0.0,0.0,0.0,1,1,1,1,-3.0,,,0.489247311827957,0.489247311827957,,,,0,0.0,0,0.4565483598399423,0.5434516401600578,away,0.5434516401600578,0.08690328032011552,logistic_regression,direct_cover,market,away,away,False,0.510752688172043,0.03269895198801476,-0.010918014908694873
50065442_HDC_4,HKJC_LIKE,ah_ft,J1 100Y Vision League,日職百年構想聯賽,2026-04-04T06:00:00+00:00,Nagoya Grampus,名古屋鯨魚,Cerezo Osaka,大阪櫻花,-2.0,-2.0,0.0,0,1.03,9.4,1.03,9.4,0.9012464046021093,0.09875359539789069,0.9012464046021093,0.09875359539789069,0,home,0.0,0.0,0.0,0.0,0.0,0.0,0.0,0.0,0.0,0.0,0.0,0.0,0.0,0.0,0.0,0.0,0.5,0.5,0.5,0.5,0.0,0.0,0.0,0.0,0.0,0.0,0.0,0.0,0.5,0.5,0.0,0.0,0.5,0.5,0.5,0.0,0.0,0.0,0.0,0,0,1500.0,1500.0,0.0,0.0,0.0,1,1,1,1,-2.0,,,0.9012464046021093,0.9012464046021093,,,,0,0.0,0,0.24693671776544343,0.7530632822345565,away,0.7530632822345565,0.5061265644691131,logistic_regression,direct_cover,market,away,away,False,0.09875359539789069,0.6543096868366658,6.0787948530048315
50065442_HDC_3,HKJC_LIKE,ah_ft,J1 100Y Vision League,日職百年構想聯賽,2026-04-04T06:00:00+00:00,Nagoya Grampus,名古屋鯨魚,Cerezo Osaka,大阪櫻花,-1.0,-1.0,0.0,0,1.06,7.5,1.06,7.5,0.8761682242990654,0.12383177570093458,0.8761682242990654,0.12383177570093458,0,home,0.0,0.0,0.0,0.0,0.0,0.0,0.0,0.0,0.0,0.0,0.0,0.0,0.0,0.0,0.0,0.0,0.5,0.5,0.5,0.5,0.0,0.0,0.0,0.0,0.0,0.0,0.0,0.0,0.5,0.5,0.0,0.0,0.5,0.5,0.5,0.0,0.0,0.0,0.0,0,0,1500.0,1500.0,0.0,0.0,0.0,1,1,1,1,-1.0,,,0.8761682242990654,0.8761682242990654,,,,0,0.0,0,0.2471072142452531,0.7528927857547469,away,0.7528927857547469,0.5057855715094939,logistic_regression,direct_cover,market,away,away,False,0.12383177570093458,0.6290610100538123,4.646695893160602
50065442_HDC_2,HKJC_LIKE,ah_ft,J1 100Y Vision League,日職百年構想聯賽,2026-04-04T06:00:00+00:00,Nagoya Grampus,名古屋鯨魚,Cerezo Osaka,大阪櫻花,0.0,0.0,0.0,0,1.06,7.5,1.06,7.5,0.8761682242990654,0.12383177570093458,0.8761682242990654,0.12383177570093458,0,home,0.0,0.0,0.0,0.0,0.0,0.0,0.0,0.0,0.0,0.0,0.0,0.0,0.0,0.0,0.0,0.0,0.5,0.5,0.5,0.5,0.0,0.0,0.0,0.0,0.0,0.0,0.0,0.0,0.5,0.5,0.0,0.0,0.5,0.5,0.5,0.0,0.0,0.0,0.0,0,0,1500.0,1500.0,0.0,0.0,0.0,1,1,1,1,0.0,,,0.8761682242990654,0.8761682242990654,,,,0,0.0,0,0.2429762328993074,0.7570237671006926,away,0.7570237671006926,0.5140475342013853,logistic_regression,direct_cover,market,away,away,False,0.12383177570093458,0.633191991399758,4.677678253255195
50065442_HDC_1,HKJC_LIKE,ah_ft,J1 100Y Vision League,日職百年構想聯賽,2026-04-04T06:00:00+00:00,Nagoya Grampus,名古屋鯨魚,Cerezo Osaka,大阪櫻花,-0.25,-0.25,0.0,0,2.1,1.72,2.1,1.72,0.450261780104712,0.549738219895288,0.450261780104712,0.549738219895288,0,home,0.0,0.0,0.0,0.0,0.0,0.0,0.0,0.0,0.0,0.0,0.0,0.0,0.0,0.0,0.0,0.0,0.5,0.5,0.5,0.5,0.0,0.0,0.0,0.0,0.0,0.0,0.0,0.0,0.5,0.5,0.0,0.0,0.5,0.5,0.5,0.0,0.0,0.0,0.0,0,0,1500.0,1500.0,0.0,0.0,0.0,1,1,1,1,-0.25,,,0.450261780104712,0.450261780104712,,,,0,0.0,0,0.42904995877343627,0.5709500412265638,away,0.5709500412265638,0.14190008245312757,logistic_regression,direct_cover,market,away,away,False,0.549738219895288,0.02121182133127575,-0.017965929090310306
50065444_HDC_2,HKJC_LIKE,ah_ft,J1 100Y Vision League,日職百年構想聯賽,2026-04-04T07:00:00+00:00,Gamba Osaka,大阪飛腳,Kyoto Sanga,京都不死鳥,-1.0,-1.0,0.0,0,1.73,2.01,1.73,2.01,0.5374331550802139,0.4625668449197861,0.5374331550802139,0.4625668449197861,0,home,0.0,0.0,0.0,0.0,0.0,0.0,0.0,0.0,0.0,0.0,0.0,0.0,0.0,0.0,0.0,0.0,0.5,0.5,0.5,0.5,0.0,0.0,0.0,0.0,0.0,0.0,0.0,0.0,0.5,0.5,0.0,0.0,0.5,0.5,0.5,0.0,0.0,0.0,0.0,0,0,1500.0,1500.0,0.0,0.0,0.0,1,1,1,1,-1.0,,,0.5374331550802139,0.5374331550802139,,,,0,0.0,0,0.44859304733968575,0.5514069526603143,away,0.5514069526603143,0.10281390532062851,logistic_regression,direct_cover,market,away,away,False,0.4625668449197861,0.08884010774052814,0.10832797484723156
50065444_HDC_1,HKJC_LIKE,ah_ft,J1 100Y Vision League,日職百年構想聯賽,2026-04-04T07:00:00+00:00,Gamba Osaka,大阪飛腳,Kyoto Sanga,京都不死鳥,0.0,0.0,0.0,0,1.16,4.65,1.16,4.65,0.8003442340791739,0.19965576592082615,0.8003442340791739,0.19965576592082615,0,home,0.0,0.0,0.0,0.0,0.0,0.0,0.0,0.0,0.0,0.0,0.0,0.0,0.0,0.0,0.0,0.0,0.5,0.5,0.5,0.5,0.0,0.0,0.0,0.0,0.0,0.0,0.0,0.0,0.5,0.5,0.0,0.0,0.5,0.5,0.5,0.0,0.0,0.0,0.0,0,0,1500.0,1500.0,0.0,0.0,0.0,1,1,1,1,0.0,,,0.8003442340791739,0.8003442340791739,,,,0,0.0,0,0.296545249073669,0.7034547509263309,away,0.7034547509263309,0.40690950185266184,logistic_regression,direct_cover,market,away,away,False,0.19965576592082615,0.5037989850055048,2.2710645918074386
50065446_HDC_2,HKJC_LIKE,ah_ft,Korean Division 1,南韓職業聯賽,2026-04-04T07:30:00+00:00,Pohang Steelers,浦項制鐵,Daejeon Citizen,大田市民,-0.25,-0.25,0.0,0,2.04,1.71,2.04,1.71,0.45599999999999996,0.5439999999999999,0.45599999999999996,0.5439999999999999,0,home,0.0,0.0,0.0,0.0,0.0,0.0,0.0,0.0,0.0,0.0,0.0,0.0,0.0,0.0,0.0,0.0,0.5,0.5,0.5,0.5,0.0,0.0,0.0,0.0,0.0,0.0,0.0,0.0,0.5,0.5,0.0,0.0,0.5,0.5,0.5,0.0,0.0,0.0,0.0,0,0,1500.0,1500.0,0.0,0.0,0.0,1,1,1,1,-0.25,,,0.45599999999999996,0.45599999999999996,,,,0,0.0,0,0.4384180283042815,0.5615819716957184,away,0.5615819716957184,0.12316394339143688,logistic_regression,direct_cover,market,away,away,False,0.5439999999999999,0.017581971695718512,-0.039694828400321513
50065446_HDC_1,HKJC_LIKE,ah_ft,Korean Division 1,南韓職業聯賽,2026-04-04T07:30:00+00:00,Pohang Steelers,浦項制鐵,Daejeon Citizen,大田市民,0.0,0.0,0.0,0,1.76,2.06,1.76,2.06,0.5392670157068064,0.46073298429319376,0.5392670157068064,0.46073298429319376,0,home,0.0,0.0,0.0,0.0,0.0,0.0,0.0,0.0,0.0,0.0,0.0,0.0,0.0,0.0,0.0,0.0,0.5,0.5,0.5,0.5,0.0,0.0,0.0,0.0,0.0,0.0,0.0,0.0,0.5,0.5,0.0,0.0,0.5,0.5,0.5,0.0,0.0,0.0,0.0,0,0,1500.0,1500.0,0.0,0.0,0.0,1,1,1,1,0.0,,,0.5392670157068064,0.5392670157068064,,,,0,0.0,0,0.4343874062755642,0.5656125937244358,away,0.5656125937244358,0.13122518744887168,logistic_regression,direct_cover,market,away,away,False,0.46073298429319376,0.10487960943124208,0.1651619430723379
50066056_HDC_1,HKJC_LIKE,ah_ft,Australian NPL - New South Wales,澳洲全國聯賽 - 新南威爾斯,2026-04-04T08:15:00+00:00,St George City,聖佐治城,Blacktown City,黑鎮城,-0.25,-0.25,0.0,0,1.7,2.09,1.7,2.09,0.5514511873350924,0.4485488126649077,0.5514511873350924,0.4485488126649077,0,home,0.0,0.0,0.0,0.0,0.0,0.0,0.0,0.0,0.0,0.0,0.0,0.0,0.0,0.0,0.0,0.0,0.5,0.5,0.5,0.5,0.0,0.0,0.0,0.0,0.0,0.0,0.0,0.0,0.5,0.5,0.0,0.0,0.5,0.5,0.5,0.0,0.0,0.0,0.0,0,0,1500.0,1500.0,0.0,0.0,0.0,1,1,1,1,-0.25,,,0.5514511873350924,0.5514511873350924,,,,0,0.0,0,0.4400753500879426,0.5599246499120574,away,0.5599246499120574,0.11984929982411474,logistic_regression,direct_cover,market,away,away,False,0.4485488126649077,0.11137583724714967,0.17024251831619985
50065081_HDC_1,HKJC_LIKE,ah_ft,Australian Division 1,澳洲職業聯賽,2026-04-04T08:35:00+00:00,Melbourne City,墨爾本城,Western Sydney Wanderers,西悉尼流浪者,-0.25,-0.25,0.0,0,1.7,2.09,1.7,2.09,0.5514511873350924,0.4485488126649077,0.5514511873350924,0.4485488126649077,0,home,0.0,0.0,0.0,0.0,0.0,0.0,0.0,0.0,0.0,0.0,0.0,0.0,0.0,0.0,0.0,0.0,0.5,0.5,0.5,0.5,0.0,0.0,0.0,0.0,0.0,0.0,0.0,0.0,0.5,0.5,0.0,0.0,0.5,0.5,0.5,0.0,0.0,0.0,0.0,0,0,1500.0,1500.0,0.0,0.0,0.0,1,1,1,1,-0.25,,,0.5514511873350924,0.5514511873350924,,,,0,0.0,0,0.4400753500879426,0.5599246499120574,away,0.5599246499120574,0.11984929982411474,logistic_regression,direct_cover,market,away,away,False,0.4485488126649077,0.11137583724714967,0.17024251831619985
50066057_HDC_1,HKJC_LIKE,ah_ft,U20 Women Asian Cup,U20女子亞洲盃,2026-04-04T09:00:00+00:00,Bangladesh Women U20,孟加拉女足U20,China Women U20,中國女足U20,4.0,4.0,0.0,0,1.82,1.9,1.82,1.9,0.510752688172043,0.489247311827957,0.510752688172043,0.489247311827957,0,home,0.0,0.0,0.0,0.0,0.0,0.0,0.0,0.0,0.0,0.0,0.0,0.0,0.0,0.0,0.0,0.0,0.5,0.5,0.5,0.5,0.0,0.0,0.0,0.0,0.0,0.0,0.0,0.0,0.5,0.5,0.0,0.0,0.5,0.5,0.5,0.0,0.0,0.0,0.0,0,0,1500.0,1500.0,0.0,0.0,0.0,1,1,1,1,4.0,,,0.510752688172043,0.510752688172043,,,,0,0.0,0,0.4275802033761691,0.5724197966238309,away,0.5724197966238309,0.14483959324766182,logistic_regression,direct_cover,market,away,away,False,0.489247311827957,0.08317248479587391,0.08759761358527873
50066266_HDC_1,HKJC_LIKE,ah_ft,Finnish Division 1,芬蘭超級聯賽,2026-04-04T10:00:00+00:00,Inter Turku,國際杜古,VPS Vaasa,VPS華沙,-1.25,-1.25,0.0,0,1.87,1.89,1.87,1.89,0.502659574468085,0.49734042553191493,0.502659574468085,0.49734042553191493,0,home,0.0,0.0,0.0,0.0,0.0,0.0,0.0,0.0,0.0,0.0,0.0,0.0,0.0,0.0,0.0,0.0,0.5,0.5,0.5,0.5,0.0,0.0,0.0,0.0,0.0,0.0,0.0,0.0,0.5,0.5,0.0,0.0,0.5,0.5,0.5,0.0,0.0,0.0,0.0,0,0,1500.0,1500.0,0.0,0.0,0.0,1,1,1,1,-1.25,,,0.502659574468085,0.502659574468085,,,,0,0.0,0,0.44474704516047453,0.5552529548395255,away,0.5552529548395255,0.11050590967905105,logistic_regression,direct_cover,market,away,away,False,0.49734042553191493,0.057912529307610594,0.049428084646703174
50066130_HDC_1,HKJC_LIKE,ah_ft,Russian Premier,俄羅斯超級聯賽,2026-04-04T10:00:00+00:00,Akron Tolyatti,阿克隆陶爾亞蒂,CSKA Moscow,莫斯科中央陸軍,0.75,0.75,0.0,0,1.83,1.97,1.83,1.97,0.5184210526315789,0.48157894736842105,0.5184210526315789,0.48157894736842105,0,home,0.0,0.0,0.0,0.0,0.0,0.0,0.0,0.0,0.0,0.0,0.0,0.0,0.0,0.0,0.0,0.0,0.5,0.5,0.5,0.5,0.0,0.0,0.0,0.0,0.0,0.0,0.0,0.0,0.5,0.5,0.0,0.0,0.5,0.5,0.5,0.0,0.0,0.0,0.0,0,0,1500.0,1500.0,0.0,0.0,0.0,1,1,1,1,0.75,,,0.5184210526315789,0.5184210526315789,,,,0,0.0,0,0.4320881743932299,0.5679118256067701,away,0.5679118256067701,0.13582365121354023,logistic_regression,direct_cover,market,away,away,False,0.48157894736842105,0.08633287823834906,0.11878629644533711
50066355_HDC_1,HKJC_LIKE,ah_ft,Women Spanish Division 1,女子西班牙甲組聯賽,2026-04-04T10:00:00+00:00,CF Granada Women,CF格蘭納達女足,Espanyol Women,愛斯賓奴女足,-0.25,-0.25,0.0,0,1.66,2.08,1.66,2.08,0.5561497326203209,0.4438502673796791,0.5561497326203209,0.4438502673796791,0,home,0.0,0.0,0.0,0.0,0.0,0.0,0.0,0.0,0.0,0.0,0.0,0.0,0.0,0.0,0.0,0.0,0.5,0.5,0.5,0.5,0.0,0.0,0.0,0.0,0.0,0.0,0.0,0.0,0.5,0.5,0.0,0.0,0.5,0.5,0.5,0.0,0.0,0.0,0.0,0,0,1500.0,1500.0,0.0,0.0,0.0,1,1,1,1,-0.25,,,0.5561497326203209,0.5561497326203209,,,,0,0.0,0,0.44660890651645885,0.5533910934835411,away,0.5533910934835411,0.1067821869670822,logistic_regression,direct_cover,market,away,away,False,0.4438502673796791,0.10954082610386201,0.15105347444576556
50066054_HDC_1,HKJC_LIKE,ah_ft,Women Italian Division 1,女子意大利甲組聯賽,2026-04-04T10:30:00+00:00,Fiorentina Women,費倫天拿女足,Juventus Women,祖雲達斯女足,0.75,0.75,0.0,0,1.65,2.1,1.65,2.1,0.56,0.44,0.56,0.44,0,home,0.0,0.0,0.0,0.0,0.0,0.0,0.0,0.0,0.0,0.0,0.0,0.0,0.0,0.0,0.0,0.0,0.5,0.5,0.5,0.5,0.0,0.0,0.0,0.0,0.0,0.0,0.0,0.0,0.5,0.5,0.0,0.0,0.5,0.5,0.5,0.0,0.0,0.0,0.0,0,0,1500.0,1500.0,0.0,0.0,0.0,1,1,1,1,0.75,,,0.56,0.56,,,,0,0.0,0,0.44125570768682215,0.5587442923131778,away,0.5587442923131778,0.11748858462635559,logistic_regression,direct_cover,market,away,away,False,0.44,0.11874429231317779,0.1733630138576734
50065606_HDC_1,HKJC_LIKE,ah_ft,German Division 2,德國乙組聯賽,2026-04-04T11:00:00+00:00,Bielefeld,比勒費爾德,Darmstadt,達斯泰特,-0.25,-0.25,0.0,0,1.97,1.83,1.97,1.83,0.48157894736842105,0.5184210526315789,0.48157894736842105,0.5184210526315789,0,home,0.0,0.0,0.0,0.0,0.0,0.0,0.0,0.0,0.0,0.0,0.0,0.0,0.0,0.0,0.0,0.0,0.5,0.5,0.5,0.5,0.0,0.0,0.0,0.0,0.0,0.0,0.0,0.0,0.5,0.5,0.0,0.0,0.5,0.5,0.5,0.0,0.0,0.0,0.0,0,0,1500.0,1500.0,0.0,0.0,0.0,1,1,1,1,-0.25,,,0.48157894736842105,0.48157894736842105,,,,0,0.0,0,0.4338270265904029,0.566172973409597,away,0.566172973409597,0.1323459468191941,logistic_regression,direct_cover,market,away,away,False,0.5184210526315789,0.04775192077801815,0.03609654133956264
50065609_HDC_1,HKJC_LIKE,ah_ft,German Division 2,德國乙組聯賽,2026-04-04T11:00:00+00:00,Kaiserslautern,凱沙羅頓,Dusseldorf,杜塞爾多夫,0.0,0.0,0.0,0,1.95,1.85,1.95,1.85,0.48684210526315796,0.513157894736842,0.48684210526315796,0.513157894736842,0,home,0.0,0.0,0.0,0.0,0.0,0.0,0.0,0.0,0.0,0.0,0.0,0.0,0.0,0.0,0.0,0.0,0.5,0.5,0.5,0.5,0.0,0.0,0.0,0.0,0.0,0.0,0.0,0.0,0.5,0.5,0.0,0.0,0.5,0.5,0.5,0.0,0.0,0.0,0.0,0,0,1500.0,1500.0,0.0,0.0,0.0,1,1,1,1,0.0,,,0.48684210526315796,0.48684210526315796,,,,0,0.0,0,0.4331107436447044,0.5668892563552956,away,0.5668892563552956,0.13377851271059127,logistic_regression,direct_cover,market,away,away,False,0.513157894736842,0.0537313616184536,0.04874512425729699
50065605_HDC_1,HKJC_LIKE,ah_ft,German Division 2,德國乙組聯賽,2026-04-04T11:00:00+00:00,Magdeburg,馬格德堡,Bochum,波琴,-0.25,-0.25,0.0,0,1.86,1.94,1.86,1.94,0.5105263157894737,0.4894736842105264,0.5105263157894737,0.4894736842105264,0,home,0.0,0.0,0.0,0.0,0.0,0.0,0.0,0.0,0.0,0.0,0.0,0.0,0.0,0.0,0.0,0.0,0.5,0.5,0.5,0.5,0.0,0.0,0.0,0.0,0.0,0.0,0.0,0.0,0.5,0.5,0.0,0.0,0.5,0.5,0.5,0.0,0.0,0.0,0.0,0,0,1500.0,1500.0,0.0,0.0,0.0,1,1,1,1,-0.25,,,0.5105263157894737,0.5105263157894737,,,,0,0.0,0,0.43589513240854094,0.5641048675914591,away,0.5641048675914591,0.12820973518291812,logistic_regression,direct_cover,market,away,away,False,0.4894736842105264,0.07463118338093266,0.0943634431274305
50064780_HDC_1,HKJC_LIKE,ah_ft,FA Cup,英格蘭足總盃,2026-04-04T11:45:00+00:00,Manchester City,曼城,Liverpool,利物浦,-0.75,-0.75,0.0,0,1.92,1.9,1.92,1.9,0.4973821989528796,0.5026178010471204,0.4973821989528796,0.5026178010471204,0,home,0.0,0.0,3.0,8.0,0.0,2.0,0.0,0.0,0.0,4.0,12.0,-8.0,0.0,8.0417,0.0,0.0,0.5,0.5,0.5,0.5,0.0,0.0,0.0,0.0,0.0,0.0,0.0,0.0,0.5,0.5,0.0,0.0,0.5,0.5,0.5,0.0,0.0,0.0,0.0,0,0,1500.0,1465.8210051290594,34.17899487094064,0.0,37.0,1,0,1,1,-0.75,,,0.4973821989528796,0.4973821989528796,,,,0,0.0,0,0.4284749768191293,0.5715250231808706,away,0.5715250231808706,0.14305004636174123,logistic_regression,direct_cover,market,away,away,False,0.5026178010471204,0.06890722213375022,0.08589754404365413
50065107_HDC_1,HKJC_LIKE,ah_ft,Spanish Division 1,西班牙甲組聯賽,2026-04-04T12:00:00+00:00,Real Sociedad,皇家蘇斯達,Levante,利雲特,-1.0,-1.0,0.0,0,2.0,1.82,2.0,1.82,0.4764397905759163,0.5235602094240838,0.4764397905759163,0.5235602094240838,0,home,0.0,0.0,0.0,0.0,0.0,0.0,0.0,0.0,0.0,0.0,0.0,0.0,0.0,0.0,0.0,0.0,0.5,0.5,0.5,0.5,0.0,0.0,0.0,0.0,0.0,0.0,0.0,0.0,0.5,0.5,0.0,0.0,0.5,0.5,0.5,0.0,0.0,0.0,0.0,0,0,1500.0,1500.0,0.0,0.0,0.0,1,1,1,1,-1.0,,,0.4764397905759163,0.4764397905759163,,,,0,0.0,0,0.4342057922023161,0.5657942077976839,away,0.5657942077976839,0.1315884155953677,logistic_regression,direct_cover,market,away,away,False,0.5235602094240838,0.04223399837360009,0.029745458191784646
50066024_HDC_1,HKJC_LIKE,ah_ft,Thai League 1,泰國甲組聯賽,2026-04-04T12:00:00+00:00,Ratchaburi,拉查布里,Buriram Utd,武里南聯,0.75,0.75,0.0,0,1.9,1.86,1.9,1.86,0.49468085106382986,0.5053191489361702,0.49468085106382986,0.5053191489361702,0,home,0.0,0.0,0.0,0.0,0.0,0.0,0.0,0.0,0.0,0.0,0.0,0.0,0.0,0.0,0.0,0.0,0.5,0.5,0.5,0.5,0.0,0.0,0.0,0.0,0.0,0.0,0.0,0.0,0.5,0.5,0.0,0.0,0.5,0.5,0.5,0.0,0.0,0.0,0.0,0,0,1500.0,1500.0,0.0,0.0,0.0,1,1,1,1,0.75,,,0.49468085106382986,0.49468085106382986,,,,0,0.0,0,0.43545810785188044,0.5645418921481196,away,0.5645418921481196,0.12908378429623912,logistic_regression,direct_cover,market,away,away,False,0.5053191489361702,0.059222743211949314,0.05004791939550246
50066267_HDC_1,HKJC_LIKE,ah_ft,Finnish Division 1,芬蘭超級聯賽,2026-04-04T12:00:00+00:00,HJK Helsinki,赫爾辛基,SJK Seinajoki,施拿祖基,-0.75,-0.75,0.0,0,1.79,1.98,1.79,1.98,0.5251989389920424,0.4748010610079576,0.5251989389920424,0.4748010610079576,0,home,0.0,0.0,0.0,0.0,0.0,0.0,0.0,0.0,0.0,0.0,0.0,0.0,0.0,0.0,0.0,0.0,0.5,0.5,0.5,0.5,0.0,0.0,0.0,0.0,0.0,0.0,0.0,0.0,0.5,0.5,0.0,0.0,0.5,0.5,0.5,0.0,0.0,0.0,0.0,0,0,1500.0,1500.0,0.0,0.0,0.0,1,1,1,1,-0.75,,,0.5251989389920424,0.5251989389920424,,,,0,0.0,0,0.44288630638028303,0.557113693619717,away,0.557113693619717,0.11422738723943393,logistic_regression,direct_cover,market,away,away,False,0.4748010610079576,0.08231263261175936,0.10308511336703963
50065450_HDC_1,HKJC_LIKE,ah_ft,French Division 2,法國乙組聯賽,2026-04-04T12:00:00+00:00,Montpellier,蒙彼利埃,Troyes,特魯瓦,0.0,0.0,0.0,0,1.93,1.83,1.93,1.83,0.48670212765957455,0.5132978723404255,0.48670212765957455,0.5132978723404255,0,home,0.0,0.0,0.0,0.0,0.0,0.0,0.0,0.0,0.0,0.0,0.0,0.0,0.0,0.0,0.0,0.0,0.5,0.5,0.5,0.5,0.0,0.0,0.0,0.0,0.0,0.0,0.0,0.0,0.5,0.5,0.0,0.0,0.5,0.5,0.5,0.0,0.0,0.0,0.0,0,0,1500.0,1500.0,0.0,0.0,0.0,1,1,1,1,0.0,,,0.48670212765957455,0.48670212765957455,,,,0,0.0,0,0.4381714187737958,0.5618285812262043,away,0.5618285812262043,0.12365716245240854,logistic_regression,direct_cover,market,away,away,False,0.5132978723404255,0.04853070888577882,0.028146303643953874
50066131_HDC_1,HKJC_LIKE,ah_ft,Russian Premier,俄羅斯超級聯賽,2026-04-04T12:15:00+00:00,Zenit St. Petersburg,辛尼特,Krylya Sovetov Samara,森馬拉,-1.75,-1.75,0.0,0,1.83,1.97,1.83,1.97,0.5184210526315789,0.48157894736842105,0.5184210526315789,0.48157894736842105,0,home,0.0,0.0,0.0,0.0,0.0,0.0,0.0,0.0,0.0,0.0,0.0,0.0,0.0,0.0,0.0,0.0,0.5,0.5,0.5,0.5,0.0,0.0,0.0,0.0,0.0,0.0,0.0,0.0,0.5,0.5,0.0,0.0,0.5,0.5,0.5,0.0,0.0,0.0,0.0,0,0,1500.0,1500.0,0.0,0.0,0.0,1,1,1,1,-1.75,,,0.5184210526315789,0.5184210526315789,,,,0,0.0,0,0.4430390622234955,0.5569609377765046,away,0.5569609377765046,0.11392187555300914,logistic_regression,direct_cover,market,away,away,False,0.48157894736842105,0.07538199040808352,0.09721304741971404
50066025_HDC_1,HKJC_LIKE,ah_ft,Thai League 1,泰國甲組聯賽,2026-04-04T12:30:00+00:00,Port FC,泰港,Prachuap,巴蜀,-1.0,-1.0,0.0,0,2.0,1.77,2.0,1.77,0.4694960212201591,0.5305039787798408,0.4694960212201591,0.5305039787798408,0,home,0.0,0.0,0.0,0.0,0.0,0.0,0.0,0.0,0.0,0.0,0.0,0.0,0.0,0.0,0.0,0.0,0.5,0.5,0.5,0.5,0.0,0.0,0.0,0.0,0.0,0.0,0.0,0.0,0.5,0.5,0.0,0.0,0.5,0.5,0.5,0.0,0.0,0.0,0.0,0,0,1500.0,1500.0,0.0,0.0,0.0,1,1,1,1,-1.0,,,0.4694960212201591,0.4694960212201591,,,,0,0.0,0,0.44006100168599555,0.5599389983140044,away,0.5599389983140044,0.1198779966280088,logistic_regression,direct_cover,market,away,away,False,0.5305039787798408,0.02943501953416361,-0.008907972984212198
50065232_HDC_1,HKJC_LIKE,ah_ft,Italian Division 1,意大利甲組聯賽,2026-04-04T13:00:00+00:00,Sassuolo,薩斯索羅,Cagliari,卡利亞里,-0.75,-0.75,0.0,0,2.28,1.64,2.28,1.64,0.4183673469387755,0.5816326530612244,0.4183673469387755,0.5816326530612244,0,home,0.0,0.0,0.0,0.0,0.0,0.0,0.0,0.0,0.0,0.0,0.0,0.0,0.0,0.0,0.0,0.0,0.5,0.5,0.5,0.5,0.0,0.0,0.0,0.0,0.0,0.0,0.0,0.0,0.5,0.5,0.0,0.0,0.5,0.5,0.5,0.0,0.0,0.0,0.0,0,0,1500.0,1500.0,0.0,0.0,0.0,1,1,1,1,-0.75,,,0.4183673469387755,0.4183673469387755,,,,0,0.0,0,0.4161505148512194,0.5838494851487805,away,0.5838494851487805,0.1676989702975611,logistic_regression,direct_cover,market,away,away,False,0.5816326530612244,0.0022168320875561864,-0.042486844355999975
50066262_HDC_1,HKJC_LIKE,ah_ft,Swedish Division 1,瑞典超級聯賽,2026-04-04T13:00:00+00:00,Hammarby,哈馬比,Mjallby,米贊比,-0.25,-0.25,0.0,0,1.73,2.06,1.73,2.06,0.5435356200527705,0.4564643799472295,0.5435356200527705,0.4564643799472295,0,home,0.0,0.0,0.0,0.0,0.0,0.0,0.0,0.0,0.0,0.0,0.0,0.0,0.0,0.0,0.0,0.0,0.5,0.5,0.5,0.5,0.0,0.0,0.0,0.0,0.0,0.0,0.0,0.0,0.5,0.5,0.0,0.0,0.5,0.5,0.5,0.0,0.0,0.0,0.0,0,0,1500.0,1500.0,0.0,0.0,0.0,1,1,1,1,-0.25,,,0.5435356200527705,0.5435356200527705,,,,0,0.0,0,0.4395077166009928,0.5604922833990071,away,0.5604922833990071,0.12098456679801428,logistic_regression,direct_cover,market,away,away,False,0.4564643799472295,0.10402790345177765,0.15461410380195473
50066368_HDC_1,HKJC_LIKE,ah_ft,U20 Women Asian Cup,U20女子亞洲盃,2026-04-04T13:00:00+00:00,Thailand Women U20,泰國女足U20,Vietnam Women U20,越南女足U20,-0.75,-0.75,0.0,0,1.95,1.75,1.95,1.75,0.47297297297297297,0.527027027027027,0.47297297297297297,0.527027027027027,0,home,0.0,0.0,0.0,0.0,0.0,0.0,0.0,0.0,0.0,0.0,0.0,0.0,0.0,0.0,0.0,0.0,0.5,0.5,0.5,0.5,0.0,0.0,0.0,0.0,0.0,0.0,0.0,0.0,0.5,0.5,0.0,0.0,0.5,0.5,0.5,0.0,0.0,0.0,0.0,0,0,1500.0,1500.0,0.0,0.0,0.0,1,1,1,1,-0.75,,,0.47297297297297297,0.47297297297297297,,,,0,0.0,0,0.44817635499362596,0.551823645006374,away,0.551823645006374,0.10364729001274808,logistic_regression,direct_cover,market,away,away,False,0.527027027027027,0.02479661797934707,-0.03430862123884543
50066368_HDC_2,HKJC_LIKE,ah_ft,U20 Women Asian Cup,U20女子亞洲盃,2026-04-04T13:00:00+00:00,Thailand Women U20,泰國女足U20,Vietnam Women U20,越南女足U20,-0.25,-0.25,0.0,0,1.65,2.13,1.65,2.13,0.5634920634920635,0.4365079365079365,0.5634920634920635,0.4365079365079365,0,home,0.0,0.0,0.0,0.0,0.0,0.0,0.0,0.0,0.0,0.0,0.0,0.0,0.0,0.0,0.0,0.0,0.5,0.5,0.5,0.5,0.0,0.0,0.0,0.0,0.0,0.0,0.0,0.0,0.5,0.5,0.0,0.0,0.5,0.5,0.5,0.0,0.0,0.0,0.0,0,0,1500.0,1500.0,0.0,0.0,0.0,1,1,1,1,-0.25,,,0.5634920634920635,0.5634920634920635,,,,0,0.0,0,0.44217224618378914,0.5578277538162109,away,0.5578277538162109,0.11565550763242172,logistic_regression,direct_cover,market,away,away,False,0.4365079365079365,0.12131981730827435,0.18817311562852912
50065124_HDC_1,HKJC_LIKE,ah_ft,German Division 1,德國甲組聯賽,2026-04-04T13:30:00+00:00,Freiburg,弗賴堡,Bayern Munich,拜仁慕尼黑,1.25,1.25,0.0,0,1.96,1.86,1.96,1.86,0.486910994764398,0.5130890052356021,0.486910994764398,0.5130890052356021,0,home,0.0,0.0,0.0,0.0,0.0,0.0,0.0,0.0,0.0,0.0,0.0,0.0,0.0,0.0,0.0,0.0,0.5,0.5,0.5,0.5,0.0,0.0,0.0,0.0,0.0,0.0,0.0,0.0,0.5,0.5,0.0,0.0,0.5,0.5,0.5,0.0,0.0,0.0,0.0,0,0,1500.0,1500.0,0.0,0.0,0.0,1,1,1,1,1.25,,,0.486910994764398,0.486910994764398,,,,0,0.0,0,0.4251484622416304,0.5748515377583696,away,0.5748515377583696,0.14970307551673923,logistic_regression,direct_cover,market,away,away,False,0.5130890052356021,0.06176253252276753,0.06922386023056754
50065124_HDC_2,HKJC_LIKE,ah_ft,German Division 1,德國甲組聯賽,2026-04-04T13:30:00+00:00,Freiburg,弗賴堡,Bayern Munich,拜仁慕尼黑,1.75,1.75,0.0,0,1.69,2.11,1.69,2.11,0.5552631578947369,0.4447368421052632,0.5552631578947369,0.4447368421052632,0,home,0.0,0.0,0.0,0.0,0.0,0.0,0.0,0.0,0.0,0.0,0.0,0.0,0.0,0.0,0.0,0.0,0.5,0.5,0.5,0.5,0.0,0.0,0.0,0.0,0.0,0.0,0.0,0.0,0.5,0.5,0.0,0.0,0.5,0.5,0.5,0.0,0.0,0.0,0.0,0,0,1500.0,1500.0,0.0,0.0,0.0,1,1,1,1,1.75,,,0.5552631578947369,0.5552631578947369,,,,0,0.0,0,0.4303539788776143,0.5696460211223857,away,0.5696460211223857,0.13929204224477143,logistic_regression,direct_cover,market,away,away,False,0.4447368421052632,0.1249091790171225,0.2019531045682338
50065126_HDC_1,HKJC_LIKE,ah_ft,German Division 1,德國甲組聯賽,2026-04-04T13:30:00+00:00,Leverkusen,利華古遜,Wolfsburg,禾夫斯堡,-1.25,-1.25,0.0,0,1.89,1.93,1.89,1.93,0.5052356020942408,0.4947643979057591,0.5052356020942408,0.4947643979057591,0,home,0.0,0.0,0.0,0.0,0.0,0.0,0.0,0.0,0.0,0.0,0.0,0.0,0.0,0.0,0.0,0.0,0.5,0.5,0.5,0.5,0.0,0.0,0.0,0.0,0.0,0.0,0.0,0.0,0.5,0.5,0.0,0.0,0.5,0.5,0.5,0.0,0.0,0.0,0.0,0,0,1500.0,1500.0,0.0,0.0,0.0,1,1,1,1,-1.25,,,0.5052356020942408,0.5052356020942408,,,,0,0.0,0,0.43739105066491285,0.5626089493350872,away,0.5626089493350872,0.1252178986701744,logistic_regression,direct_cover,market,away,away,False,0.4947643979057591,0.0678445514293281,0.08583527221671827
50065125_HDC_2,HKJC_LIKE,ah_ft,German Division 1,德國甲組聯賽,2026-04-04T13:30:00+00:00,Hoffenheim,賀芬咸,Mainz,緬恩斯,-0.75,-0.75,0.0,0,1.83,1.99,1.83,1.99,0.5209424083769634,0.4790575916230366,0.5209424083769634,0.4790575916230366,0,home,0.0,0.0,0.0,0.0,0.0,0.0,0.0,0.0,0.0,0.0,0.0,0.0,0.0,0.0,0.0,0.0,0.5,0.5,0.5,0.5,0.0,0.0,0.0,0.0,0.0,0.0,0.0,0.0,0.5,0.5,0.0,0.0,0.5,0.5,0.5,0.0,0.0,0.0,0.0,0,0,1500.0,1500.0,0.0,0.0,0.0,1,1,1,1,-0.75,,,0.5209424083769634,0.5209424083769634,,,,0,0.0,0,0.4363417756057722,0.5636582243942279,away,0.5636582243942279,0.12731644878845572,logistic_regression,direct_cover,market,away,away,False,0.4790575916230366,0.08460063277119123,0.12167986654451346
50065123_HDC_1,HKJC_LIKE,ah_ft,German Division 1,德國甲組聯賽,2026-04-04T13:30:00+00:00,Werder Bremen,雲達不來梅,RB Leipzig,RB萊比錫,0.75,0.75,0.0,0,1.73,2.14,1.73,2.14,0.5529715762273902,0.4470284237726098,0.5529715762273902,0.4470284237726098,0,home,0.0,0.0,0.0,0.0,0.0,0.0,0.0,0.0,0.0,0.0,0.0,0.0,0.0,0.0,0.0,0.0,0.5,0.5,0.5,0.5,0.0,0.0,0.0,0.0,0.0,0.0,0.0,0.0,0.5,0.5,0.0,0.0,0.5,0.5,0.5,0.0,0.0,0.0,0.0,0,0,1500.0,1500.0,0.0,0.0,0.0,1,1,1,1,0.75,,,0.5529715762273902,0.5529715762273902,,,,0,0.0,0,0.4259668838577681,0.5740331161422318,away,0.5740331161422318,0.1480662322844637,logistic_regression,direct_cover,market,away,away,False,0.4470284237726098,0.12700469236962203,0.22843086854437622
50065118_HDC_1,HKJC_LIKE,ah_ft,German Division 1,德國甲組聯賽,2026-04-04T13:30:00+00:00,Hamburg,漢堡,Augsburg,奧格斯堡,-0.25,-0.25,0.0,0,2.0,1.82,2.0,1.82,0.4764397905759163,0.5235602094240838,0.4764397905759163,0.5235602094240838,0,home,0.0,0.0,0.0,0.0,0.0,0.0,0.0,0.0,0.0,0.0,0.0,0.0,0.0,0.0,0.0,0.0,0.5,0.5,0.5,0.5,0.0,0.0,0.0,0.0,0.0,0.0,0.0,0.0,0.5,0.5,0.0,0.0,0.5,0.5,0.5,0.0,0.0,0.0,0.0,0,0,1500.0,1500.0,0.0,0.0,0.0,1,1,1,1,-0.25,,,0.4764397905759163,0.4764397905759163,,,,0,0.0,0,0.43092845893355297,0.5690715410664471,away,0.5690715410664471,0.13814308213289417,logistic_regression,direct_cover,market,away,away,False,0.5235602094240838,0.04551133164236332,0.035710204740933726
50065128_HDC_1,HKJC_LIKE,ah_ft,German Division 1,德國甲組聯賽,2026-04-04T13:30:00+00:00,Monchengladbach,慕遜加柏,Heidenheim,海登咸,-1.0,-1.0,0.0,0,1.97,1.85,1.97,1.85,0.48429319371727747,0.5157068062827225,0.48429319371727747,0.5157068062827225,0,home,0.0,0.0,0.0,0.0,0.0,0.0,0.0,0.0,0.0,0.0,0.0,0.0,0.0,0.0,0.0,0.0,0.5,0.5,0.5,0.5,0.0,0.0,0.0,0.0,0.0,0.0,0.0,0.0,0.5,0.5,0.0,0.0,0.5,0.5,0.5,0.0,0.0,0.0,0.0,0,0,1500.0,1500.0,0.0,0.0,0.0,1,1,1,1,-1.0,,,0.48429319371727747,0.48429319371727747,,,,0,0.0,0,0.43477424084310945,0.5652257591568906,away,0.5652257591568906,0.1304515183137811,logistic_regression,direct_cover,market,away,away,False,0.5157068062827225,0.049518952874168076,0.04566765444024756
50066276_HDC_1,HKJC_LIKE,ah_ft,UAE Pro League,阿聯酋職業聯賽,2026-04-04T13:50:00+00:00,Al Nasr SC,阿爾納沙,Al Wahda,阿爾華達,0.25,0.25,0.0,0,1.86,1.9,1.86,1.9,0.5053191489361702,0.49468085106382986,0.5053191489361702,0.49468085106382986,0,home,0.0,0.0,0.0,0.0,0.0,0.0,0.0,0.0,0.0,0.0,0.0,0.0,0.0,0.0,0.0,0.0,0.5,0.5,0.5,0.5,0.0,0.0,0.0,0.0,0.0,0.0,0.0,0.0,0.5,0.5,0.0,0.0,0.5,0.5,0.5,0.0,0.0,0.0,0.0,0,0,1500.0,1500.0,0.0,0.0,0.0,1,1,1,1,0.25,,,0.5053191489361702,0.5053191489361702,,,,0,0.0,0,0.4383758415484116,0.5616241584515884,away,0.5616241584515884,0.12324831690317684,logistic_regression,direct_cover,market,away,away,False,0.49468085106382986,0.06694330738775855,0.06708590105801793
50066277_HDC_1,HKJC_LIKE,ah_ft,Finnish Division 1,芬蘭超級聯賽,2026-04-04T14:00:00+00:00,Ilves,伊斯韋斯,KuPS,古比斯,-0.25,-0.25,0.0,0,1.85,1.91,1.85,1.91,0.5079787234042553,0.49202127659574474,0.5079787234042553,0.49202127659574474,0,home,0.0,0.0,0.0,0.0,0.0,0.0,0.0,0.0,0.0,0.0,0.0,0.0,0.0,0.0,0.0,0.0,0.5,0.5,0.5,0.5,0.0,0.0,0.0,0.0,0.0,0.0,0.0,0.0,0.5,0.5,0.0,0.0,0.5,0.5,0.5,0.0,0.0,0.0,0.0,0,0,1500.0,1500.0,0.0,0.0,0.0,1,1,1,1,-0.25,,,0.5079787234042553,0.5079787234042553,,,,0,0.0,0,0.440744956539626,0.559255043460374,away,0.559255043460374,0.11851008692074805,logistic_regression,direct_cover,market,away,away,False,0.49202127659574474,0.06723376686462929,0.06817713300931438
50065000_HDC_1,HKJC_LIKE,ah_ft,Scottish Premier,蘇格蘭超級聯賽,2026-04-04T14:00:00+00:00,Rangers,格拉斯哥流浪,Dundee Utd,登地聯,-1.75,-1.75,0.0,0,1.83,1.97,1.83,1.97,0.5184210526315789,0.48157894736842105,0.5184210526315789,0.48157894736842105,0,home,0.0,0.0,0.0,0.0,0.0,0.0,0.0,0.0,0.0,0.0,0.0,0.0,0.0,0.0,0.0,0.0,0.5,0.5,0.5,0.5,0.0,0.0,0.0,0.0,0.0,0.0,0.0,0.0,0.5,0.5,0.0,0.0,0.5,0.5,0.5,0.0,0.0,0.0,0.0,0,0,1500.0,1500.0,0.0,0.0,0.0,1,1,1,1,-1.75,,,0.5184210526315789,0.5184210526315789,,,,0,0.0,0,0.4430390622234955,0.5569609377765046,away,0.5569609377765046,0.11392187555300914,logistic_regression,direct_cover,market,away,away,False,0.48157894736842105,0.07538199040808352,0.09721304741971404
50065736_HDC_1,HKJC_LIKE,ah_ft,Belgian Division 1,比利時甲組聯賽,2026-04-04T14:00:00+00:00,Zulte Waregem,華雷根,Cercle Bruges,布魯日舒高,-0.25,-0.25,0.0,0,2.05,1.74,2.05,1.74,0.4591029023746703,0.5408970976253298,0.4591029023746703,0.5408970976253298,0,home,0.0,0.0,0.0,0.0,0.0,0.0,0.0,0.0,0.0,0.0,0.0,0.0,0.0,0.0,0.0,0.0,0.5,0.5,0.5,0.5,0.0,0.0,0.0,0.0,0.0,0.0,0.0,0.0,0.5,0.5,0.0,0.0,0.5,0.5,0.5,0.0,0.0,0.0,0.0,0,0,1500.0,1500.0,0.0,0.0,0.0,1,1,1,1,-0.25,,,0.4591029023746703,0.4591029023746703,,,,0,0.0,0,0.4335073634750257,0.5664926365249743,away,0.5664926365249743,0.13298527304994856,logistic_regression,direct_cover,market,away,away,False,0.5408970976253298,0.0255955388996445,-0.014302812446544744
50065105_HDC_1,HKJC_LIKE,ah_ft,Spanish Division 1,西班牙甲組聯賽,2026-04-04T14:15:00+00:00,Mallorca,馬略卡,Real Madrid,皇家馬德里,1.0,1.0,0.0,0,1.93,1.89,1.93,1.89,0.4947643979057591,0.5052356020942408,0.4947643979057591,0.5052356020942408,0,home,0.0,0.0,0.0,0.0,0.0,0.0,0.0,0.0,0.0,0.0,0.0,0.0,0.0,0.0,0.0,0.0,0.5,0.5,0.5,0.5,0.0,0.0,0.0,0.0,0.0,0.0,0.0,0.0,0.5,0.5,0.0,0.0,0.5,0.5,0.5,0.0,0.0,0.0,0.0,0,0,1500.0,1500.0,0.0,0.0,0.0,1,1,1,1,1.0,,,0.4947643979057591,0.4947643979057591,,,,0,0.0,0,0.4267970982561647,0.5732029017438354,away,0.5732029017438354,0.14640580348767074,logistic_regression,direct_cover,market,away,away,False,0.5052356020942408,0.06796729964959458,0.08335348429584877
50066132_HDC_2,HKJC_LIKE,ah_ft,Russian Premier,俄羅斯超級聯賽,2026-04-04T14:30:00+00:00,Dinamo Moscow,莫斯科戴拿模,FC Orenburg,FC奧倫堡,-1.25,-1.25,0.0,0,2.02,1.79,2.02,1.79,0.46981627296587924,0.5301837270341206,0.46981627296587924,0.5301837270341206,0,home,0.0,0.0,0.0,0.0,0.0,0.0,0.0,0.0,0.0,0.0,0.0,0.0,0.0,0.0,0.0,0.0,0.5,0.5,0.5,0.5,0.0,0.0,0.0,0.0,0.0,0.0,0.0,0.0,0.5,0.5,0.0,0.0,0.5,0.5,0.5,0.0,0.0,0.0,0.0,0,0,1500.0,1500.0,0.0,0.0,0.0,1,1,1,1,-1.25,,,0.46981627296587924,0.46981627296587924,,,,0,0.0,0,0.43608789207741444,0.5639121079225855,away,0.5639121079225855,0.127824215845171,logistic_regression,direct_cover,market,away,away,False,0.5301837270341206,0.03372838088846486,0.009402673181428067
50065088_HDC_1,HKJC_LIKE,ah_ft,Dutch Division 1,荷蘭甲組聯賽,2026-04-04T14:30:00+00:00,PSV Eindhoven,燕豪芬,Utrecht,烏德勒支,-1.0,-1.0,0.0,0,1.76,2.06,1.76,2.06,0.5392670157068064,0.46073298429319376,0.5392670157068064,0.46073298429319376,0,home,0.0,0.0,0.0,0.0,0.0,0.0,0.0,0.0,0.0,0.0,0.0,0.0,0.0,0.0,0.0,0.0,0.5,0.5,0.5,0.5,0.0,0.0,0.0,0.0,0.0,0.0,0.0,0.0,0.5,0.5,0.0,0.0,0.5,0.5,0.5,0.0,0.0,0.0,0.0,0,0,1500.0,1500.0,0.0,0.0,0.0,1,1,1,1,-1.0,,,0.5392670157068064,0.5392670157068064,,,,0,0.0,0,0.4387778226566594,0.5612221773433406,away,0.5612221773433406,0.12244435468668113,logistic_regression,direct_cover,market,away,away,False,0.46073298429319376,0.10048919305014681,0.15611768532728165
50065110_HDC_1,HKJC_LIKE,ah_ft,French Division 1,法國甲組聯賽,2026-04-04T15:00:00+00:00,Strasbourg,斯特拉斯堡,Nice,尼斯,-0.75,-0.75,0.0,0,2.12,1.74,2.12,1.74,0.45077720207253885,0.5492227979274612,0.45077720207253885,0.5492227979274612,0,home,0.0,0.0,0.0,0.0,0.0,0.0,0.0,0.0,0.0,0.0,0.0,0.0,0.0,0.0,0.0,0.0,0.5,0.5,0.5,0.5,0.0,0.0,0.0,0.0,0.0,0.0,0.0,0.0,0.5,0.5,0.0,0.0,0.5,0.5,0.5,0.0,0.0,0.0,0.0,0,0,1500.0,1500.0,0.0,0.0,0.0,1,1,1,1,-0.75,,,0.45077720207253885,0.45077720207253885,,,,0,0.0,0,0.42617853744480505,0.573821462555195,away,0.573821462555195,0.1476429251103899,logistic_regression,direct_cover,market,away,away,False,0.5492227979274612,0.024598664627733746,-0.0015506551539608004
50066033_HDC_1,HKJC_LIKE,ah_ft,Qatar Stars League,卡塔爾超級聯賽,2026-04-04T15:30:00+00:00,Al Rayyan,艾雷恩,Al Sadd,艾薩德,0.25,0.25,0.0,0,1.89,1.87,1.89,1.87,0.49734042553191493,0.502659574468085,0.49734042553191493,0.502659574468085,0,home,0.0,0.0,0.0,0.0,0.0,0.0,0.0,0.0,0.0,0.0,0.0,0.0,0.0,0.0,0.0,0.0,0.5,0.5,0.5,0.5,0.0,0.0,0.0,0.0,0.0,0.0,0.0,0.0,0.5,0.5,0.0,0.0,0.5,0.5,0.5,0.0,0.0,0.0,0.0,0,0,1500.0,1500.0,0.0,0.0,0.0,1,1,1,1,0.25,,,0.49734042553191493,0.49734042553191493,,,,0,0.0,0,0.4378206863589785,0.5621793136410216,away,0.5621793136410216,0.12435862728204317,logistic_regression,direct_cover,market,away,away,False,0.502659574468085,0.059519739172936625,0.05127531650871042
50065231_HDC_2,HKJC_LIKE,ah_ft,Italian Division 1,意大利甲組聯賽,2026-04-04T16:00:00+00:00,Verona,維羅納,Fiorentina,費倫天拿,0.25,0.25,0.0,0,2.14,1.72,2.14,1.72,0.4455958549222798,0.5544041450777203,0.4455958549222798,0.5544041450777203,0,home,0.0,0.0,0.0,0.0,0.0,0.0,0.0,0.0,0.0,0.0,0.0,0.0,0.0,0.0,0.0,0.0,0.5,0.5,0.5,0.5,0.0,0.0,0.0,0.0,0.0,0.0,0.0,0.0,0.5,0.5,0.0,0.0,0.5,0.5,0.5,0.0,0.0,0.0,0.0,0,0,1500.0,1500.0,0.0,0.0,0.0,1,1,1,1,0.25,,,0.4455958549222798,0.4455958549222798,,,,0,0.0,0,0.42144713518291516,0.5785528648170848,away,0.5785528648170848,0.15710572963416958,logistic_regression,direct_cover,market,away,away,False,0.5544041450777203,0.0241487197393645,-0.004889072514614179
50065231_HDC_1,HKJC_LIKE,ah_ft,Italian Division 1,意大利甲組聯賽,2026-04-04T16:00:00+00:00,Verona,維羅納,Fiorentina,費倫天拿,0.75,0.75,0.0,0,1.64,2.28,1.64,2.28,0.5816326530612244,0.4183673469387755,0.5816326530612244,0.4183673469387755,0,home,0.0,0.0,0.0,0.0,0.0,0.0,0.0,0.0,0.0,0.0,0.0,0.0,0.0,0.0,0.0,0.0,0.5,0.5,0.5,0.5,0.0,0.0,0.0,0.0,0.0,0.0,0.0,0.0,0.5,0.5,0.0,0.0,0.5,0.5,0.5,0.0,0.0,0.0,0.0,0,0,1500.0,1500.0,0.0,0.0,0.0,1,1,1,1,0.75,,,0.5816326530612244,0.5816326530612244,,,,0,0.0,0,0.42212146448046767,0.5778785355195324,away,0.5778785355195324,0.15575707103906478,logistic_regression,direct_cover,market,away,away,False,0.4183673469387755,0.1595111885807569,0.3175630609845337
50066279_HDC_1,HKJC_LIKE,ah_ft,Saudi Pro League,沙特職業聯賽,2026-04-04T16:15:00+00:00,Al Ahli Jeddah,吉達艾阿里,Damac FC,達馬克FC,-1.75,-1.75,0.0,0,1.84,1.92,1.84,1.92,0.5106382978723405,0.48936170212765967,0.5106382978723405,0.48936170212765967,0,home,0.0,0.0,0.0,0.0,0.0,0.0,0.0,0.0,0.0,0.0,0.0,0.0,0.0,0.0,0.0,0.0,0.5,0.5,0.5,0.5,0.0,0.0,0.0,0.0,0.0,0.0,0.0,0.0,0.5,0.5,0.0,0.0,0.5,0.5,0.5,0.0,0.0,0.0,0.0,0,0,1500.0,1500.0,0.0,0.0,0.0,1,1,1,1,-1.75,,,0.5106382978723405,0.5106382978723405,,,,0,0.0,0,0.44749675719607346,0.5525032428039265,away,0.5525032428039265,0.10500648560785297,logistic_regression,direct_cover,market,away,away,False,0.48936170212765967,0.06314154067626682,0.060806226183538814
50064778_HDC_1,HKJC_LIKE,ah_ft,FA Cup,英格蘭足總盃,2026-04-04T16:15:00+00:00,Chelsea,車路士,Port Vale,維爾港,-3.0,-3.0,0.0,0,1.95,1.85,1.95,1.85,0.48684210526315796,0.513157894736842,0.48684210526315796,0.513157894736842,0,home,13.0,21.0,0.0,0.0,13.0,0.0,14.0,5.0,9.0,0.0,0.0,0.0,3.8438,0.0,0.0,0.0,0.5,0.5,0.5,0.5,0.0,0.0,0.0,0.0,0.0,0.0,0.0,0.0,0.5,0.5,0.0,0.0,0.5,0.5,0.5,0.0,0.0,0.0,0.0,0,0,1555.2545696631928,1500.0,55.2545696631928,37.0,0.0,0,1,1,1,-3.0,,,0.48684210526315796,0.48684210526315796,,,,0,0.0,0,0.5535136056534805,0.4464863943465195,home,0.5535136056534805,0.10702721130696102,logistic_regression,direct_cover,market,home,home,False,0.48684210526315796,0.06667150039032255,0.07935153102428694
50064778_HDC_2,HKJC_LIKE,ah_ft,FA Cup,英格蘭足總盃,2026-04-04T16:15:00+00:00,Chelsea,車路士,Port Vale,維爾港,-3.25,-3.25,0.0,0,2.2,1.66,2.2,1.66,0.43005181347150256,0.5699481865284974,0.43005181347150256,0.5699481865284974,0,home,13.0,21.0,0.0,0.0,13.0,0.0,14.0,5.0,9.0,0.0,0.0,0.0,3.8438,0.0,0.0,0.0,0.5,0.5,0.5,0.5,0.0,0.0,0.0,0.0,0.0,0.0,0.0,0.0,0.5,0.5,0.0,0.0,0.5,0.5,0.5,0.0,0.0,0.0,0.0,0,0,1555.2545696631928,1500.0,55.2545696631928,37.0,0.0,0,1,1,1,-3.25,,,0.43005181347150256,0.43005181347150256,,,,0,0.0,0,0.5429860145066135,0.45701398549338645,home,0.5429860145066135,0.08597202901322709,logistic_regression,direct_cover,market,home,home,False,0.43005181347150256,0.11293420103511098,0.1945692319145499
50066297_HDC_1,HKJC_LIKE,ah_ft,Spanish Division 1,西班牙甲組聯賽,2026-04-04T16:30:00+00:00,Betis,貝迪斯,Espanyol,愛斯賓奴,-0.75,-0.75,0.0,0,1.98,1.84,1.98,1.84,0.48167539267015713,0.518324607329843,0.48167539267015713,0.518324607329843,0,home,0.0,0.0,0.0,0.0,0.0,0.0,0.0,0.0,0.0,0.0,0.0,0.0,0.0,0.0,0.0,0.0,0.5,0.5,0.5,0.5,0.0,0.0,0.0,0.0,0.0,0.0,0.0,0.0,0.5,0.5,0.0,0.0,0.5,0.5,0.5,0.0,0.0,0.0,0.0,0,0,1500.0,1500.0,0.0,0.0,0.0,1,1,1,1,-0.75,,,0.48167539267015713,0.48167539267015713,,,,0,0.0,0,0.43349083430750585,0.5665091656924941,away,0.5665091656924941,0.1330183313849882,logistic_regression,direct_cover,market,away,away,False,0.518324607329843,0.04818455836265112,0.04237686487418918
50065122_HDC_1,HKJC_LIKE,ah_ft,German Division 1,德國甲組聯賽,2026-04-04T16:30:00+00:00,Stuttgart,史特加,Dortmund,多蒙特,-0.25,-0.25,0.0,0,1.93,1.89,1.93,1.89,0.4947643979057591,0.5052356020942408,0.4947643979057591,0.5052356020942408,0,home,0.0,0.0,0.0,0.0,0.0,0.0,0.0,0.0,0.0,0.0,0.0,0.0,0.0,0.0,0.0,0.0,0.5,0.5,0.5,0.5,0.0,0.0,0.0,0.0,0.0,0.0,0.0,0.0,0.5,0.5,0.0,0.0,0.5,0.5,0.5,0.0,0.0,0.0,0.0,0,0,1500.0,1500.0,0.0,0.0,0.0,1,1,1,1,-0.25,,,0.4947643979057591,0.4947643979057591,,,,0,0.0,0,0.4322507107290687,0.5677492892709313,away,0.5677492892709313,0.13549857854186254,logistic_regression,direct_cover,market,away,away,False,0.5052356020942408,0.06251368717669048,0.07304615672206005
50066053_HDC_1,HKJC_LIKE,ah_ft,UAE Pro League,阿聯酋職業聯賽,2026-04-04T16:30:00+00:00,Shabab Al Ahli,沙比阿爾阿里,Al Jazira,艾查捷拉,-0.75,-0.75,0.0,0,1.78,1.99,1.78,1.99,0.5278514588859416,0.4721485411140583,0.5278514588859416,0.4721485411140583,0,home,0.0,0.0,0.0,0.0,0.0,0.0,0.0,0.0,0.0,0.0,0.0,0.0,0.0,0.0,0.0,0.0,0.5,0.5,0.5,0.5,0.0,0.0,0.0,0.0,0.0,0.0,0.0,0.0,0.5,0.5,0.0,0.0,0.5,0.5,0.5,0.0,0.0,0.0,0.0,0,0,1500.0,1500.0,0.0,0.0,0.0,1,1,1,1,-0.75,,,0.5278514588859416,0.5278514588859416,,,,0,0.0,0,0.443073778747158,0.5569262212528421,away,0.5569262212528421,0.11385244250568416,logistic_regression,direct_cover,market,away,away,False,0.4721485411140583,0.08477768013878378,0.10828318029315576
50066246_HDC_1,HKJC_LIKE,ah_ft,Russian Premier,俄羅斯超級聯賽,2026-04-04T16:45:00+00:00,Akhmat Grozny,艾卡馬特,FK Krasnodar,卡斯洛達,0.75,0.75,0.0,0,1.71,2.12,1.71,2.12,0.5535248041775457,0.4464751958224543,0.5535248041775457,0.4464751958224543,0,home,0.0,0.0,0.0,0.0,0.0,0.0,0.0,0.0,0.0,0.0,0.0,0.0,0.0,0.0,0.0,0.0,0.5,0.5,0.5,0.5,0.0,0.0,0.0,0.0,0.0,0.0,0.0,0.0,0.5,0.5,0.0,0.0,0.5,0.5,0.5,0.0,0.0,0.0,0.0,0,0,1500.0,1500.0,0.0,0.0,0.0,1,1,1,1,0.75,,,0.5535248041775457,0.5535248041775457,,,,0,0.0,0,0.4309077459148735,0.5690922540851264,away,0.5690922540851264,0.13818450817025285,logistic_regression,direct_cover,market,away,away,False,0.4464751958224543,0.12261705826267211,0.20647557866046806
50065092_HDC_1,HKJC_LIKE,ah_ft,Dutch Division 1,荷蘭甲組聯賽,2026-04-04T16:45:00+00:00,AZ Alkmaar,阿爾克馬爾,Fortuna Sittard,幸運薛達,-1.25,-1.25,0.0,0,1.68,2.17,1.68,2.17,0.5636363636363637,0.4363636363636364,0.5636363636363637,0.4363636363636364,0,home,0.0,0.0,0.0,0.0,0.0,0.0,0.0,0.0,0.0,0.0,0.0,0.0,0.0,0.0,0.0,0.0,0.5,0.5,0.5,0.5,0.0,0.0,0.0,0.0,0.0,0.0,0.0,0.0,0.5,0.5,0.0,0.0,0.5,0.5,0.5,0.0,0.0,0.0,0.0,0,0,1500.0,1500.0,0.0,0.0,0.0,1,1,1,1,-1.25,,,0.5636363636363637,0.5636363636363637,,,,0,0.0,0,0.43800437789879965,0.5619956221012004,away,0.5619956221012004,0.12399124420240071,logistic_regression,direct_cover,market,away,away,False,0.4363636363636364,0.12563198573756396,0.21953049995960472
50065108_HDC_2,HKJC_LIKE,ah_ft,French Division 1,法國甲組聯賽,2026-04-04T17:00:00+00:00,Brest,比斯特,Rennes,雷恩,0.25,0.25,0.0,0,1.76,2.08,1.76,2.08,0.5416666666666667,0.4583333333333333,0.5416666666666667,0.4583333333333333,0,home,0.0,0.0,0.0,0.0,0.0,0.0,0.0,0.0,0.0,0.0,0.0,0.0,0.0,0.0,0.0,0.0,0.5,0.5,0.5,0.5,0.0,0.0,0.0,0.0,0.0,0.0,0.0,0.0,0.5,0.5,0.0,0.0,0.5,0.5,0.5,0.0,0.0,0.0,0.0,0,0,1500.0,1500.0,0.0,0.0,0.0,1,1,1,1,0.25,,,0.5416666666666667,0.5416666666666667,,,,0,0.0,0,0.4309982983922067,0.5690017016077933,away,0.5690017016077933,0.13800340321558657,logistic_regression,direct_cover,market,away,away,False,0.4583333333333333,0.11066836827445997,0.18352353934421006
50065770_HDC_1,HKJC_LIKE,ah_ft,Portuguese Premier,葡萄牙超級聯賽,2026-04-04T17:00:00+00:00,Moreirense,摩里倫斯,Braga,布拉加,1.0,1.0,0.0,0,1.91,1.89,1.91,1.89,0.4973684210526315,0.5026315789473684,0.4973684210526315,0.5026315789473684,0,home,0.0,0.0,0.0,0.0,0.0,0.0,0.0,0.0,0.0,0.0,0.0,0.0,0.0,0.0,0.0,0.0,0.5,0.5,0.5,0.5,0.0,0.0,0.0,0.0,0.0,0.0,0.0,0.0,0.5,0.5,0.0,0.0,0.5,0.5,0.5,0.0,0.0,0.0,0.0,0,0,1500.0,1500.0,0.0,0.0,0.0,1,1,1,1,1.0,,,0.4973684210526315,0.4973684210526315,,,,0,0.0,0,0.4295007077379924,0.5704992922620076,away,0.5704992922620076,0.14099858452401515,logistic_regression,direct_cover,market,away,away,False,0.5026315789473684,0.06786771331463914,0.07824366237519431
50066280_HDC_1,HKJC_LIKE,ah_ft,Qatar Stars League,卡塔爾超級聯賽,2026-04-04T17:30:00+00:00,Al Duhail,艾杜哈尼,Al Gharafa,艾加拉法,-0.75,-0.75,0.0,0,1.86,1.9,1.86,1.9,0.5053191489361702,0.49468085106382986,0.5053191489361702,0.49468085106382986,0,home,0.0,0.0,0.0,0.0,0.0,0.0,0.0,0.0,0.0,0.0,0.0,0.0,0.0,0.0,0.0,0.0,0.5,0.5,0.5,0.5,0.0,0.0,0.0,0.0,0.0,0.0,0.0,0.0,0.5,0.5,0.0,0.0,0.5,0.5,0.5,0.0,0.0,0.0,0.0,0,0,1500.0,1500.0,0.0,0.0,0.0,1,1,1,1,-0.75,,,0.5053191489361702,0.5053191489361702,,,,0,0.0,0,0.4427452780941639,0.5572547219058361,away,0.5572547219058361,0.11450944381167227,logistic_regression,direct_cover,market,away,away,False,0.49468085106382986,0.06257387084200627,0.058783971621088615
50065681_HDC_1,HKJC_LIKE,ah_ft,Saudi Pro League,沙特職業聯賽,2026-04-04T18:00:00+00:00,Al Hilal,希拉爾,Al Taawoun,艾塔亞文,-1.75,-1.75,0.0,0,1.86,1.9,1.86,1.9,0.5053191489361702,0.49468085106382986,0.5053191489361702,0.49468085106382986,0,home,0.0,0.0,0.0,0.0,0.0,0.0,0.0,0.0,0.0,0.0,0.0,0.0,0.0,0.0,0.0,0.0,0.5,0.5,0.5,0.5,0.0,0.0,0.0,0.0,0.0,0.0,0.0,0.0,0.5,0.5,0.0,0.0,0.5,0.5,0.5,0.0,0.0,0.0,0.0,0,0,1500.0,1500.0,0.0,0.0,0.0,1,1,1,1,-1.75,,,0.5053191489361702,0.5053191489361702,,,,0,0.0,0,0.44712317402828794,0.5528768259717121,away,0.5528768259717121,0.10575365194342412,logistic_regression,direct_cover,market,away,away,False,0.49468085106382986,0.0581959749078822,0.05046596934625286
50065482_HDC_1,HKJC_LIKE,ah_ft,French Division 2,法國乙組聯賽,2026-04-04T18:00:00+00:00,Nancy,南錫,St. Etienne,聖伊天,0.25,0.25,0.0,0,2.09,1.7,2.09,1.7,0.4485488126649077,0.5514511873350924,0.4485488126649077,0.5514511873350924,0,home,0.0,0.0,0.0,0.0,0.0,0.0,0.0,0.0,0.0,0.0,0.0,0.0,0.0,0.0,0.0,0.0,0.5,0.5,0.5,0.5,0.0,0.0,0.0,0.0,0.0,0.0,0.0,0.0,0.5,0.5,0.0,0.0,0.5,0.5,0.5,0.0,0.0,0.0,0.0,0,0,1500.0,1500.0,0.0,0.0,0.0,1,1,1,1,0.25,,,0.4485488126649077,0.4485488126649077,,,,0,0.0,0,0.4305936625775708,0.5694063374224292,away,0.5694063374224292,0.13881267484485837,logistic_regression,direct_cover,market,away,away,False,0.5514511873350924,0.017955150087336835,-0.032009226381870426
50065607_HDC_1,HKJC_LIKE,ah_ft,German Division 2,德國乙組聯賽,2026-04-04T18:30:00+00:00,Dresden,特雷斯登,Hertha Berlin,哈化柏林,0.0,0.0,0.0,0,1.9,1.9,1.9,1.9,0.5,0.5,0.5,0.5,0,home,0.0,0.0,0.0,0.0,0.0,0.0,0.0,0.0,0.0,0.0,0.0,0.0,0.0,0.0,0.0,0.0,0.5,0.5,0.5,0.5,0.0,0.0,0.0,0.0,0.0,0.0,0.0,0.0,0.5,0.5,0.0,0.0,0.5,0.5,0.5,0.0,0.0,0.0,0.0,0,0,1500.0,1500.0,0.0,0.0,0.0,1,1,1,1,0.0,,,0.5,0.5,,,,0,0.0,0,0.4340488771221192,0.5659511228778809,away,0.5659511228778809,0.1319022457557617,logistic_regression,direct_cover,market,away,away,False,0.5,0.06595112287788085,0.07530713346797357
50065230_HDC_1,HKJC_LIKE,ah_ft,Italian Division 1,意大利甲組聯賽,2026-04-04T18:45:00+00:00,Lazio,拉素,Parma,帕爾馬,-0.75,-0.75,0.0,0,2.02,1.81,2.02,1.81,0.47258485639686687,0.5274151436031332,0.47258485639686687,0.5274151436031332,0,home,0.0,0.0,0.0,0.0,0.0,0.0,0.0,0.0,0.0,0.0,0.0,0.0,0.0,0.0,0.0,0.0,0.5,0.5,0.5,0.5,0.0,0.0,0.0,0.0,0.0,0.0,0.0,0.0,0.5,0.5,0.0,0.0,0.5,0.5,0.5,0.0,0.0,0.0,0.0,0,0,1500.0,1500.0,0.0,0.0,0.0,1,1,1,1,-0.75,,,0.47258485639686687,0.47258485639686687,,,,0,0.0,0,0.4315694054678472,0.5684305945321528,away,0.5684305945321528,0.13686118906430567,logistic_regression,direct_cover,market,away,away,False,0.5274151436031332,0.04101545092901959,0.028859376103196666
50065102_HDC_1,HKJC_LIKE,ah_ft,Spanish Division 1,西班牙甲組聯賽,2026-04-04T19:00:00+00:00,Atletico Madrid,馬德里體育會,Barcelona,巴塞隆拿,0.25,0.25,0.0,0,1.95,1.87,1.95,1.87,0.4895287958115184,0.5104712041884817,0.4895287958115184,0.5104712041884817,0,home,0.0,0.0,0.0,0.0,0.0,0.0,0.0,0.0,0.0,0.0,0.0,0.0,0.0,0.0,0.0,0.0,0.5,0.5,0.5,0.5,0.0,0.0,0.0,0.0,0.0,0.0,0.0,0.0,0.5,0.5,0.0,0.0,0.5,0.5,0.5,0.0,0.0,0.0,0.0,0,0,1500.0,1500.0,0.0,0.0,0.0,1,1,1,1,0.25,,,0.4895287958115184,0.4895287958115184,,,,0,0.0,0,0.4296890461976013,0.5703109538023987,away,0.5703109538023987,0.14062190760479742,logistic_regression,direct_cover,market,away,away,False,0.5104712041884817,0.059839749613917026,0.06648148361048567
50064779_HDC_1,HKJC_LIKE,ah_ft,FA Cup,英格蘭足總盃,2026-04-04T19:00:00+00:00,Southampton,修咸頓,Arsenal,阿仙奴,1.25,1.25,0.0,0,2.04,1.79,2.04,1.79,0.46736292428198434,0.5326370757180157,0.46736292428198434,0.5326370757180157,0,home,0.0,0.0,13.0,17.0,0.0,2.0,0.0,0.0,0.0,7.0,1.0,6.0,0.0,8.0417,0.0,0.0,0.5,0.5,0.5,0.5,0.0,0.0,0.0,0.0,0.0,0.0,0.0,0.0,0.5,0.5,0.0,0.0,0.5,0.5,0.5,0.0,0.0,0.0,0.0,0,0,1500.0,1495.038058668564,4.961941331436037,0.0,37.0,1,0,1,1,1.25,,,0.46736292428198434,0.46736292428198434,,,,0,0.0,0,0.41844446562039145,0.5815555343796086,away,0.5815555343796086,0.16311106875921721,logistic_regression,direct_cover,market,away,away,False,0.5326370757180157,0.048918458661592945,0.04098440653949942
50065094_HDC_1,HKJC_LIKE,ah_ft,Dutch Division 1,荷蘭甲組聯賽,2026-04-04T19:00:00+00:00,Ajax,阿積士,Twente,川迪,-0.25,-0.25,0.0,0,1.98,1.82,1.98,1.82,0.4789473684210527,0.5210526315789473,0.4789473684210527,0.5210526315789473,0,home,0.0,0.0,0.0,0.0,0.0,0.0,0.0,0.0,0.0,0.0,0.0,0.0,0.0,0.0,0.0,0.0,0.5,0.5,0.5,0.5,0.0,0.0,0.0,0.0,0.0,0.0,0.0,0.0,0.5,0.5,0.0,0.0,0.5,0.5,0.5,0.0,0.0,0.0,0.0,0,0,1500.0,1500.0,0.0,0.0,0.0,1,1,1,1,-0.25,,,0.4789473684210527,0.4789473684210527,,,,0,0.0,0,0.43363968346431175,0.5663603165356883,away,0.5663603165356883,0.1327206330713766,logistic_regression,direct_cover,market,away,away,False,0.5210526315789473,0.04530768495674098,0.030775776094952745
50065111_HDC_1,HKJC_LIKE,ah_ft,French Division 1,法國甲組聯賽,2026-04-04T19:05:00+00:00,Lille,里爾,Lens,朗斯,0.0,0.0,0.0,0,2.08,1.76,2.08,1.76,0.4583333333333333,0.5416666666666667,0.4583333333333333,0.5416666666666667,0,home,0.0,0.0,0.0,0.0,0.0,0.0,0.0,0.0,0.0,0.0,0.0,0.0,0.0,0.0,0.0,0.0,0.5,0.5,0.5,0.5,0.0,0.0,0.0,0.0,0.0,0.0,0.0,0.0,0.5,0.5,0.0,0.0,0.5,0.5,0.5,0.0,0.0,0.0,0.0,0,0,1500.0,1500.0,0.0,0.0,0.0,1,1,1,1,0.0,,,0.4583333333333333,0.4583333333333333,,,,0,0.0,0,0.4259980914650698,0.5740019085349302,away,0.5740019085349302,0.14800381706986032,logistic_regression,direct_cover,market,away,away,False,0.5416666666666667,0.03233524186826342,0.010243359021477105
